0;Florian,Robin,Max,Bert;;;;;;;;;;;;;;;;;;;;;;;
Accelgor;1;;;;Dugtrio (Alola Form);1;;;;Raichu (Alola Form);1;;;;Amoonguss;1;;;;Araquanid;1;;;
Armaldo;1;;;;Aromatisse;1;;;;Beedrill;1;;;;Blaziken;1;;;;Bruxish;1;;;
Carbink;1;;;;Comfey;1;;;;Crabominable;1;;;;Dhelmise;1;;;;Druddigon;1;;;
Durant;1;;;;Escavalier;1;;;;Excadrill;1;;;;Golisopod;1;;;;Hawlucha;1;;;
Heracross;1;;;;Incineroar;1;;;;Klinklang;1;;;;Komala;1;;;;Mawile;1;;;
Minior;1;;;;Oricorio (Sensu Style);1;;;;Passimian;1;;;;Pinsir;1;;;;Politoed;1;;;
Rampardos;1;;;;Ribombee;1;;;;Sableye;1;;;;Scizor;1;;;;Shuckle;1;;;
Swampert;1;;;;Togedemaru;1;;;;Toxapex;1;;;;Unfezant;1;;;;Vespiquen;1;;;
Vikavolt;1;;;;Volcarona;1;;;;Whimsicott;1;;;;Wishiwashi;1;;;;Yanmega;1;;;
;;;;;;;;;;;;;;;;;;;;;;;;
1;Sophia,Shanta,Rachel,Chan;;;;;;;;;;;;;;;;;;;;;;;
Alakazam;1;;;;Ambipom;1;;;;Arcanine;1;;;;Aromatisse;1;;;;Bewear;1;;;
Braviary;1;;;;Cradily;1;;;;Crobat;1;;;;Drifblim;1;;;;Dusknoir;1;;;
Emboar;1;;;;Exploud;1;;;;Flareon;1;;;;Rotom (Frost Rotom);1;;;;Gardevoir;1;;;
Gigalith;1;;;;Gogoat;1;;;;Hariyama;1;;;;Hawlucha;1;;;;Jolteon;1;;;
Kangaskhan;1;;;;Lanturn;1;;;;Lucario;1;;;;Ludicolo;1;;;;Lycanroc (Midday Form);1;;;
Machamp;1;;;;Magnezone;1;;;;Marowak;1;;;;Meganium;1;;;;Mienshao;1;;;
Mimikyu;1;;;;Oricorio (Sensu Style);1;;;;Pelipper;1;;;;Primarina;1;;;;Reuniclus;1;;;
Ribombee;1;;;;Slowbro;1;;;;Slowking;1;;;;Sylveon;1;;;;Tangrowth;1;;;
Togekiss;1;;;;Toucannon;1;;;;Ursaring;1;;;;Venusaur;1;;;;Weavile;1;;;
Whimsicott;1;;;;Wishiwashi;1;;;;;;;;;;;;;;;;;;
;;;;;;;;;;;;;;;;;;;;;;;;
2;Ferdinand,Rico;;;;;;;;;;;;;;;;;;;;;;;
Golem (Alola Form);1;;;;Raichu (Alola Form);1;;;;Altaria;1;;;;Ambipom;1;;;;Aromatisse;1;;;
Audino;1;;;;Beartic;1;;;;Bewear;1;;;;Blastoise;1;;;;Blissey;1;;;
Breloom;1;;;;Carbink;1;;;;Comfey;1;;;;Darmanitan;1;;;;Dhelmise;1;;;
Dragonite;1;;;;Drifblim;1;;;;Espeon;1;;;;Exploud;1;;;;Glaceon;1;;;
Golisopod;1;;;;Hippowdon;1;;;;Infernape;1;;;;Komala;1;;;;Liepard;1;;;
Lopunny;1;;;;Mawile;1;;;;Mimikyu;1;;;;Minior;1;;;;Mismagius;1;;;
Rotom (Mow Rotom);1;;;;Porygon-Z;1;;;;Porygon2;1;;;;Ribombee;1;;;;Samurott;1;;;
Sceptile;1;;;;Serperior;1;;;;Shiinotic;1;;;;Togedemaru;1;;;;Turtonator;1;;;
Umbreon;1;;;;Ursaring;1;;;;Vanilluxe;1;;;;Vaporeon;1;;;;Wailord;1;;;
Whimsicott;1;;;;Wishiwashi;1;;;;Yanmega;1;;;;;;;;;;;;;
;;;;;;;;;;;;;;;;;;;;;;;;
3;Rocky,Kendra;;;;;;;;;;;;;;;;;;;;;;;
Arcanine;1;;;;Chandelure;1;;;;Charizard;1;;;;Rotom (Heat Rotom);1;;;;Infernape;1;;;
Lurantis;1;;;;Magmortar;1;;;;Ninetales;1;;;;Salazzle;1;;;;Shiftry;1;;;
Typhlosion;1;;;;Venusaur;1;;;;Volcarona;1;;;;Whimsicott;1;;;;;;;;
;;;;;;;;;;;;;;;;;;;;;;;;
4;Jasper;;;;;;;;;;;;;;;;;;;;;;;
Golem (Alola Form);1;;;;Raichu (Alola Form);1;;;;Altaria;1;;;;Ambipom;1;;;;Aromatisse;1;;;
Audino;1;;;;Beartic;1;;;;Bewear;1;;;;Blastoise;1;;;;Blissey;1;;;
Breloom;1;;;;Carbink;1;;;;Clawitzer;1;;;;Comfey;1;;;;Darmanitan;1;;;
Dhelmise;1;;;;Dragonite;1;;;;Drifblim;1;;;;Espeon;1;;;;Exploud;1;;;
Glaceon;1;;;;Golisopod;1;;;;Hippowdon;1;;;;Infernape;1;;;;Komala;1;;;
Liepard;1;;;;Lopunny;1;;;;Mawile;1;;;;Mimikyu;1;;;;Minior;1;;;
Mismagius;1;;;;Porygon-Z;1;;;;Porygon2;1;;;;Ribombee;1;;;;Samurott;1;;;
Sceptile;1;;;;Serperior;1;;;;Shiinotic;1;;;;Togedemaru;1;;;;Turtonator;1;;;
Umbreon;1;;;;Ursaring;1;;;;Vanilluxe;1;;;;Vaporeon;1;;;;Wailord;1;;;
Whimsicott;1;;;;Wishiwashi;1;;;;Yanmega;1;;;;;;;;;;;;;
;;;;;;;;;;;;;;;;;;;;;;;;
5;Mercy,Helen,Gladys;;;;;;;;;;;;;;;;;;;;;;;
Abomasnow;1;;;;Raichu (Alola Form);1;;;;Altaria;1;;;;Ambipom;1;;;;Aromatisse;1;;;
Audino;1;;;;Banette;1;;;;Beartic;1;;;;Bewear;1;;;;Blissey;1;;;
Carbink;1;;;;Clawitzer;1;;;;Comfey;1;;;;Darmanitan;1;;;;Drifblim;1;;;
Empoleon;1;;;;Espeon;1;;;;Exploud;1;;;;Glaceon;1;;;;Gogoat;1;;;
Hippowdon;1;;;;Kangaskhan;1;;;;Komala;1;;;;Leafeon;1;;;;Liepard;1;;;
Lopunny;1;;;;Mawile;1;;;;Mimikyu;1;;;;Minior;1;;;;Mismagius;1;;;
Rotom (Mow Rotom);1;;;;Oranguru;1;;;;Porygon-Z;1;;;;Porygon2;1;;;;Ribombee;1;;;
Shiinotic;1;;;;Togedemaru;1;;;;Torterra;1;;;;Toucannon;1;;;;Umbreon;1;;;
Ursaring;1;;;;Vanilluxe;1;;;;Vaporeon;1;;;;Whimsicott;1;;;;Wishiwashi;1;;;
;;;;;;;;;;;;;;;;;;;;;;;;
6;Darla;;;;;;;;;;;;;;;;;;;;;;;
Absol;1;;;;Raichu (Alola Form);1;;;;Ambipom;1;;;;Audino;1;;;;Clawitzer;1;;;
Comfey;1;;;;Dragonite;1;;;;Drampa;1;;;;Durant;1;;;;Espeon;1;;;
Excadrill;1;;;;Rotom (Fan Rotom);1;;;;Feraligatr;1;;;;Flareon;1;;;;Glaceon;1;;;
Golurk;1;;;;Houndoom;1;;;;Jolteon;1;;;;Leafeon;1;;;;Liepard;1;;;
Lopunny;1;;;;Lucario;1;;;;Lurantis;1;;;;Lycanroc (Midday Form);1;;;;Manectric;1;;;
Mienshao;1;;;;Mimikyu;1;;;;Minior;1;;;;Mudsdale;1;;;;Ninetales;1;;;
Porygon-Z;1;;;;Pyroar;1;;;;Sandslash;1;;;;Sawk;1;;;;Scrafty;1;;;
Sylveon;1;;;;Throh;1;;;;Togedemaru;1;;;;Toxicroak;1;;;;Tsareena;1;;;
Umbreon;1;;;;Vaporeon;1;;;;Wailord;1;;;;Wishiwashi;1;;;;;;;;
;;;;;;;;;;;;;;;;;;;;;;;;
7;Tammy,Reese;;;;;;;;;;;;;;;;;;;;;;;
Bronzong;1;;;;Cofagrigus;1;;;;Escavalier;1;;;;Ferrothorn;1;;;;Hippowdon;1;;;
Jellicent;1;;;;Lickilicky;1;;;;Musharna;1;;;;Reuniclus;1;;;;Slowking;1;;;
Walrein;1;;;;;;;;;;;;;;;;;;;;;;;
;;;;;;;;;;;;;;;;;;;;;;;;
8;Kayla;;;;;;;;;;;;;;;;;;;;;;;
Absol;1;;;;Raichu (Alola Form);1;;;;Ambipom;1;;;;Audino;1;;;;Clawitzer;1;;;
Comfey;1;;;;Dragonite;1;;;;Drampa;1;;;;Durant;1;;;;Electivire;1;;;
Espeon;1;;;;Excadrill;1;;;;Rotom (Fan Rotom);1;;;;Feraligatr;1;;;;Flareon;1;;;
Glaceon;1;;;;Golurk;1;;;;Houndoom;1;;;;Jolteon;1;;;;Leafeon;1;;;
Liepard;1;;;;Lopunny;1;;;;Lucario;1;;;;Lurantis;1;;;;Lycanroc (Midday Form);1;;;
Manectric;1;;;;Mienshao;1;;;;Mimikyu;1;;;;Minior;1;;;;Mudsdale;1;;;
Ninetales;1;;;;Porygon-Z;1;;;;Pyroar;1;;;;Sandslash;1;;;;Sawk;1;;;
Scrafty;1;;;;Sylveon;1;;;;Throh;1;;;;Togedemaru;1;;;;Toxicroak;1;;;
Tsareena;1;;;;Umbreon;1;;;;Vaporeon;1;;;;Wailord;1;;;;Wishiwashi;1;;;
;;;;;;;;;;;;;;;;;;;;;;;;
9;Cleavant;;;;;;;;;;;;;;;;;;;;;;;
Aerodactyl;1;;;;Ampharos;1;;;;Archeops;1;;;;Armaldo;1;;;;Aurorus;1;;;
Barbaracle;1;;;;Bastiodon;1;;;;Blissey;1;;;;Bronzong;1;;;;Carracosta;1;;;
Cradily;1;;;;Dragonite;1;;;;Drampa;1;;;;Eelektross;1;;;;Electivire;1;;;
Flareon;1;;;;Garchomp;1;;;;Haxorus;1;;;;Hydreigon;1;;;;Kangaskhan;1;;;
Lapras;1;;;;Lickilicky;1;;;;Lilligant;1;;;;Magmortar;1;;;;Medicham;1;;;
Metagross;1;;;;Milotic;1;;;;Musharna;1;;;;Nidoking;1;;;;Nidoqueen;1;;;
Palossand;1;;;;Pinsir;1;;;;Porygon-Z;1;;;;Porygon2;1;;;;Rampardos;1;;;
Salamence;1;;;;Sawk;1;;;;Scizor;1;;;;Skarmory;1;;;;Slaking;1;;;
Snorlax;1;;;;Spiritomb;1;;;;Starmie;1;;;;Tauros;1;;;;Throh;1;;;
Togekiss;1;;;;Tyranitar;1;;;;Tyrantrum;1;;;;Volcarona;1;;;;;;;;
;;;;;;;;;;;;;;;;;;;;;;;;
10;Buster;;;;;;;;;;;;;;;;;;;;;;;
Aerodactyl;1;;;;Aggron;1;;;;Dugtrio (Alola Form);1;;;;Golem (Alola Form);1;;;;Araquanid;1;;;
Archeops;1;;;;Armaldo;1;;;;Aurorus;1;;;;Banette;1;;;;Barbaracle;1;;;
Bastiodon;1;;;;Bruxish;1;;;;Camerupt;1;;;;Carbink;1;;;;Carracosta;1;;;
Cradily;1;;;;Decidueye;1;;;;Excadrill;1;;;;Flygon;1;;;;Garchomp;1;;;
Gastrodon;1;;;;Gigalith;1;;;;Gliscor;1;;;;Golurk;1;;;;Gourgeist;1;;;
Hippowdon;1;;;;Lycanroc (Midday Form);1;;;;Mamoswine;1;;;;Marowak;1;;;;Medicham;1;;;
Metagross;1;;;;Minior;1;;;;Mudsdale;1;;;;Nidoking;1;;;;Nidoqueen;1;;;
Palossand;1;;;;Probopass;1;;;;Rampardos;1;;;;Rhyperior;1;;;;Sandslash;1;;;
Sawk;1;;;;Shuckle;1;;;;Steelix;1;;;;Throh;1;;;;Tyranitar;1;;;
Tyrantrum;1;;;;;;;;;;;;;;;;;;;;;;;
;;;;;;;;;;;;;;;;;;;;;;;;
11;Arlo,Levine;;;;;;;;;;;;;;;;;;;;;;;
Aggron;1;;;;Dugtrio (Alola Form);1;;;;Armaldo;1;;;;Barbaracle;1;;;;Bastiodon;1;;;
Excadrill;1;;;;Ferrothorn;1;;;;Garchomp;1;;;;Gigalith;1;;;;Gliscor;1;;;
Hippowdon;1;;;;Lycanroc (Midday Form);1;;;;Mawile;1;;;;Metagross;1;;;;Palossand;1;;;
Probopass;1;;;;Rampardos;1;;;;Rhyperior;1;;;;Sandslash;1;;;;Scizor;1;;;
Steelix;1;;;;Tyranitar;1;;;;Tyrantrum;1;;;;;;;;;;;;;
;;;;;;;;;;;;;;;;;;;;;;;;
12;Percy,Conley,Emery;;;;;;;;;;;;;;;;;;;;;;;
Aggron;1;;;;Alakazam;1;;;;Raichu (Alola Form);1;;;;Ampharos;1;;;;Bastiodon;1;;;
Bisharp;1;;;;Bronzong;1;;;;Charizard;1;;;;Conkeldurr;1;;;;Darmanitan;1;;;
Decidueye;1;;;;Durant;1;;;;Dusknoir;1;;;;Eelektross;1;;;;Electivire;1;;;
Electrode;1;;;;Escavalier;1;;;;Excadrill;1;;;;Exeggutor;1;;;;Ferrothorn;1;;;
Gallade;1;;;;Gardevoir;1;;;;Gothitelle;1;;;;Rotom (Heat Rotom);1;;;;Infernape;1;;;
Kingdra;1;;;;Klinklang;1;;;;Lucario;1;;;;Magnezone;1;;;;Mandibuzz;1;;;
Manectric;1;;;;Mawile;1;;;;Medicham;1;;;;Metagross;1;;;;Pelipper;1;;;
Porygon-Z;1;;;;Porygon2;1;;;;Scizor;1;;;;Shuckle;1;;;;Skarmory;1;;;
Steelix;1;;;;Tangrowth;1;;;;Tauros;1;;;;Trevenant;1;;;;Turtonator;1;;;
Vikavolt;1;;;;;;;;;;;;;;;;;;;;;;;
;;;;;;;;;;;;;;;;;;;;;;;;
13;Winnie,Prudence,Dominica;;;;;;;;;;;;;;;;;;;;;;;
Altaria;1;;;;Ambipom;1;;;;Aromatisse;1;;;;Bewear;1;;;;Blissey;1;;;
Bouffalant;1;;;;Breloom;1;;;;Carbink;1;;;;Comfey;1;;;;Delphox;1;;;
Drifblim;1;;;;Florges;1;;;;Froslass;1;;;;Gardevoir;1;;;;Golurk;1;;;
Goodra;1;;;;Komala;1;;;;Lanturn;1;;;;Lapras;1;;;;Lickilicky;1;;;
Lilligant;1;;;;Ludicolo;1;;;;Lurantis;1;;;;Mawile;1;;;;Mienshao;1;;;
Milotic;1;;;;Mimikyu;1;;;;Mismagius;1;;;;Musharna;1;;;;Ninetales;1;;;
Pelipper;1;;;;Politoed;1;;;;Reuniclus;1;;;;Ribombee;1;;;;Salamence;1;;;
Shiinotic;1;;;;Snorlax;1;;;;Sylveon;1;;;;Togedemaru;1;;;;Togekiss;1;;;
Tsareena;1;;;;Vanilluxe;1;;;;Rotom (Wash Rotom);1;;;;Whimsicott;1;;;;;;;;
;;;;;;;;;;;;;;;;;;;;;;;;
14;Kass,Scoop;;;;;;;;;;;;;;;;;;;;;;;
Absol;1;;;;Alakazam;1;;;;Amoonguss;1;;;;Avalugg;1;;;;Barbaracle;1;;;
Beedrill;1;;;;Bisharp;1;;;;Crobat;1;;;;Drapion;1;;;;Exeggutor;1;;;
Exploud;1;;;;Rotom (Fan Rotom);1;;;;Flygon;1;;;;Gengar;1;;;;Glalie;1;;;
Gothitelle;1;;;;Greninja;1;;;;Gyarados;1;;;;Haxorus;1;;;;Honchkrow;1;;;
Houndoom;1;;;;Hydreigon;1;;;;Jellicent;1;;;;Liepard;1;;;;Malamar;1;;;
Mandibuzz;1;;;;Muk;1;;;;Nidoking;1;;;;Nidoqueen;1;;;;Noivern;1;;;
Rhyperior;1;;;;Sableye;1;;;;Salazzle;1;;;;Sawk;1;;;;Scrafty;1;;;
Sharpedo;1;;;;Shiftry;1;;;;Slaking;1;;;;Spiritomb;1;;;;Staraptor;1;;;
Tentacruel;1;;;;Throh;1;;;;Toxapex;1;;;;Toxicroak;1;;;;Trevenant;1;;;
Tyranitar;1;;;;Umbreon;1;;;;Weavile;1;;;;Weezing;1;;;;Zoroark;1;;;
;;;;;;;;;;;;;;;;;;;;;;;;
15;Dylan,Evander;;;;;;;;;;;;;;;;;;;;;;;
Absol;1;;;;Alakazam;1;;;;Amoonguss;1;;;;Avalugg;1;;;;Barbaracle;1;;;
Beedrill;1;;;;Bisharp;1;;;;Crobat;1;;;;Drapion;1;;;;Exeggutor;1;;;
Exploud;1;;;;Flygon;1;;;;Gengar;1;;;;Glalie;1;;;;Gothitelle;1;;;
Greninja;1;;;;Gyarados;1;;;;Haxorus;1;;;;Honchkrow;1;;;;Houndoom;1;;;
Hydreigon;1;;;;Jellicent;1;;;;Liepard;1;;;;Malamar;1;;;;Mandibuzz;1;;;
Muk;1;;;;Nidoking;1;;;;Nidoqueen;1;;;;Noivern;1;;;;Probopass;1;;;
Rhyperior;1;;;;Sableye;1;;;;Salazzle;1;;;;Sawk;1;;;;Scrafty;1;;;
Sharpedo;1;;;;Shiftry;1;;;;Slaking;1;;;;Spiritomb;1;;;;Staraptor;1;;;
Tentacruel;1;;;;Throh;1;;;;Toxapex;1;;;;Toxicroak;1;;;;Trevenant;1;;;
Tyranitar;1;;;;Umbreon;1;;;;Weavile;1;;;;Weezing;1;;;;Zoroark;1;;;
;;;;;;;;;;;;;;;;;;;;;;;;
16;Myrna,Eva;;;;;;;;;;;;;;;;;;;;;;;
Absol;1;;;;Alakazam;1;;;;Amoonguss;1;;;;Barbaracle;1;;;;Beedrill;1;;;
Bisharp;1;;;;Camerupt;1;;;;Chandelure;1;;;;Cofagrigus;1;;;;Crabominable;1;;;
Crobat;1;;;;Drapion;1;;;;Exploud;1;;;;Ferrothorn;1;;;;Gastrodon;1;;;
Gengar;1;;;;Glalie;1;;;;Goodra;1;;;;Gothitelle;1;;;;Gourgeist;1;;;
Gyarados;1;;;;Honchkrow;1;;;;Houndoom;1;;;;Hydreigon;1;;;;Liepard;1;;;
Malamar;1;;;;Mandibuzz;1;;;;Muk;1;;;;Nidoking;1;;;;Nidoqueen;1;;;
Noivern;1;;;;Sableye;1;;;;Salazzle;1;;;;Scrafty;1;;;;Sharpedo;1;;;
Shiftry;1;;;;Skarmory;1;;;;Slaking;1;;;;Snorlax;1;;;;Spiritomb;1;;;
Tentacruel;1;;;;Toxapex;1;;;;Toxicroak;1;;;;Tyranitar;1;;;;Umbreon;1;;;
Walrein;1;;;;Weavile;1;;;;Weezing;1;;;;Zoroark;1;;;;;;;;
;;;;;;;;;;;;;;;;;;;;;;;;
17;Agrata,Abby;;;;;;;;;;;;;;;;;;;;;;;
Absol;1;;;;Alakazam;1;;;;Amoonguss;1;;;;Barbaracle;1;;;;Beedrill;1;;;
Bisharp;1;;;;Camerupt;1;;;;Chandelure;1;;;;Cofagrigus;1;;;;Crabominable;1;;;
Crobat;1;;;;Drapion;1;;;;Exploud;1;;;;Rotom (Fan Rotom);1;;;;Ferrothorn;1;;;
Gastrodon;1;;;;Gengar;1;;;;Glalie;1;;;;Goodra;1;;;;Gothitelle;1;;;
Gourgeist;1;;;;Gyarados;1;;;;Honchkrow;1;;;;Houndoom;1;;;;Hydreigon;1;;;
Liepard;1;;;;Malamar;1;;;;Mandibuzz;1;;;;Muk;1;;;;Nidoking;1;;;
Nidoqueen;1;;;;Noivern;1;;;;Sableye;1;;;;Salazzle;1;;;;Scrafty;1;;;
Sharpedo;1;;;;Shiftry;1;;;;Skarmory;1;;;;Slaking;1;;;;Snorlax;1;;;
Spiritomb;1;;;;Tentacruel;1;;;;Toxapex;1;;;;Toxicroak;1;;;;Tyranitar;1;;;
Umbreon;1;;;;Walrein;1;;;;Weavile;1;;;;Weezing;1;;;;Zoroark;1;;;
;;;;;;;;;;;;;;;;;;;;;;;;
18;Parker,Ayden;;;;;;;;;;;;;;;;;;;;;;;
Accelgor;1;;;;Aerodactyl;1;;;;Dugtrio (Alola Form);1;;;;Archeops;1;;;;Bisharp;1;;;
Bouffalant;1;;;;Braviary;1;;;;Charizard;1;;;;Crobat;1;;;;Drampa;1;;;
Druddigon;1;;;;Electrode;1;;;;Espeon;1;;;;Feraligatr;1;;;;Froslass;1;;;
Gallade;1;;;;Gengar;1;;;;Hariyama;1;;;;Hawlucha;1;;;;Haxorus;1;;;
Heracross;1;;;;Jellicent;1;;;;Jolteon;1;;;;Lilligant;1;;;;Lucario;1;;;
Ludicolo;1;;;;Lycanroc (Midday Form);1;;;;Machamp;1;;;;Magmortar;1;;;;Manectric;1;;;
Marowak;1;;;;Noivern;1;;;;Passimian;1;;;;Pidgeot;1;;;;Pyroar;1;;;
Salazzle;1;;;;Staraptor;1;;;;Starmie;1;;;;Talonflame;1;;;;Tauros;1;;;
Togekiss;1;;;;Typhlosion;1;;;;Tyrantrum;1;;;;;;;;;;;;;
;;;;;;;;;;;;;;;;;;;;;;;;
19;Isaac;;;;;;;;;;;;;;;;;;;;;;;
Accelgor;1;;;;Aerodactyl;1;;;;Dugtrio (Alola Form);1;;;;Archeops;1;;;;Bisharp;1;;;
Bouffalant;1;;;;Braviary;1;;;;Charizard;1;;;;Crobat;1;;;;Drampa;1;;;
Druddigon;1;;;;Electrode;1;;;;Espeon;1;;;;Feraligatr;1;;;;Froslass;1;;;
Gallade;1;;;;Gengar;1;;;;Hariyama;1;;;;Hawlucha;1;;;;Haxorus;1;;;
Heracross;1;;;;Jellicent;1;;;;Jolteon;1;;;;Lilligant;1;;;;Lucario;1;;;
Ludicolo;1;;;;Lycanroc (Midday Form);1;;;;Machamp;1;;;;Manectric;1;;;;Marowak;1;;;
Noivern;1;;;;Passimian;1;;;;Pidgeot;1;;;;Pyroar;1;;;;Salazzle;1;;;
Staraptor;1;;;;Starmie;1;;;;Talonflame;1;;;;Tauros;1;;;;Togekiss;1;;;
Typhlosion;1;;;;Tyrantrum;1;;;;;;;;;;;;;;;;;;
;;;;;;;;;;;;;;;;;;;;;;;;
20;Alwyn,Mardea,Gabriella;;;;;;;;;;;;;;;;;;;;;;;
Accelgor;1;;;;Aerodactyl;1;;;;Dugtrio (Alola Form);1;;;;Archeops;1;;;;Bisharp;1;;;
Blaziken;1;;;;Bouffalant;1;;;;Braviary;1;;;;Chesnaught;1;;;;Crobat;1;;;
Druddigon;1;;;;Electrode;1;;;;Escavalier;1;;;;Espeon;1;;;;Florges;1;;;
Froslass;1;;;;Gallade;1;;;;Gastrodon;1;;;;Gengar;1;;;;Hariyama;1;;;
Hawlucha;1;;;;Haxorus;1;;;;Heracross;1;;;;Jolteon;1;;;;Lucario;1;;;
Ludicolo;1;;;;Lycanroc (Midday Form);1;;;;Machamp;1;;;;Manectric;1;;;;Marowak;1;;;
Mudsdale;1;;;;Noivern;1;;;;Oranguru;1;;;;Passimian;1;;;;Pidgeot;1;;;
Pyroar;1;;;;Salazzle;1;;;;Staraptor;1;;;;Starmie;1;;;;Talonflame;1;;;
Tauros;1;;;;Togekiss;1;;;;Tyrantrum;1;;;;;;;;;;;;;
;;;;;;;;;;;;;;;;;;;;;;;;
21;Ryder;;;;;;;;;;;;;;;;;;;;;;;
Abomasnow;1;;;;Golem (Alola Form);1;;;;Altaria;1;;;;Araquanid;1;;;;Audino;1;;;
Beedrill;1;;;;Blastoise;1;;;;Blaziken;1;;;;Camerupt;1;;;;Charizard;1;;;
Chesnaught;1;;;;Decidueye;1;;;;Delphox;1;;;;Emboar;1;;;;Empoleon;1;;;
Feraligatr;1;;;;Gallade;1;;;;Glalie;1;;;;Gliscor;1;;;;Greninja;1;;;
Incineroar;1;;;;Infernape;1;;;;Kingdra;1;;;;Lopunny;1;;;;Meganium;1;;;
Pidgeot;1;;;;Pinsir;1;;;;Porygon2;1;;;;Primarina;1;;;;Sableye;1;;;
Salamence;1;;;;Samurott;1;;;;Sceptile;1;;;;Serperior;1;;;;Sharpedo;1;;;
Slowbro;1;;;;Snorlax;1;;;;Steelix;1;;;;Swampert;1;;;;Torterra;1;;;
Typhlosion;1;;;;Venusaur;1;;;;Walrein;1;;;;;;;;;;;;;
;;;;;;;;;;;;;;;;;;;;;;;;
22;Christopher,Brandi;;;;;;;;;;;;;;;;;;;;;;;
Abomasnow;1;;;;Aurorus;1;;;;Avalugg;1;;;;Beartic;1;;;;Bruxish;1;;;
Crabominable;1;;;;Froslass;1;;;;Rotom (Frost Rotom);1;;;;Glaceon;1;;;;Glalie;1;;;
Mamoswine;1;;;;Porygon2;1;;;;Vanilluxe;1;;;;Walrein;1;;;;Weavile;1;;;
;;;;;;;;;;;;;;;;;;;;;;;;
23;Sorley,Marsha;;;;;;;;;;;;;;;;;;;;;;;
Accelgor;1;;;;Araquanid;1;;;;Armaldo;1;;;;Beartic;1;;;;Blastoise;1;;;
Bronzong;1;;;;Bruxish;1;;;;Carracosta;1;;;;Gastrodon;1;;;;Golisopod;1;;;
Goodra;1;;;;Jellicent;1;;;;Kingdra;1;;;;Lapras;1;;;;Ludicolo;1;;;
Milotic;1;;;;Pelipper;1;;;;Politoed;1;;;;Primarina;1;;;;Shiinotic;1;;;
Tentacruel;1;;;;Toxicroak;1;;;;Vaporeon;1;;;;Rotom (Wash Rotom);1;;;;Wishiwashi;1;;;
;;;;;;;;;;;;;;;;;;;;;;;;
24;Beatrice;;;;;;;;;;;;;;;;;;;;;;;
Altaria;1;;;;Arcanine;1;;;;Audino;1;;;;Beedrill;1;;;;Blastoise;1;;;
Blaziken;1;;;;Camerupt;1;;;;Carracosta;1;;;;Charizard;1;;;;Chesnaught;1;;;
Conkeldurr;1;;;;Decidueye;1;;;;Delphox;1;;;;Emboar;1;;;;Empoleon;1;;;
Feraligatr;1;;;;Gallade;1;;;;Glalie;1;;;;Golisopod;1;;;;Greninja;1;;;
Gyarados;1;;;;Incineroar;1;;;;Infernape;1;;;;Lapras;1;;;;Lopunny;1;;;
Mamoswine;1;;;;Meganium;1;;;;Milotic;1;;;;Pidgeot;1;;;;Politoed;1;;;
Porygon2;1;;;;Primarina;1;;;;Sableye;1;;;;Samurott;1;;;;Sceptile;1;;;
Serperior;1;;;;Sharpedo;1;;;;Slowbro;1;;;;Slowking;1;;;;Steelix;1;;;
Swampert;1;;;;Torterra;1;;;;Typhlosion;1;;;;Venusaur;1;;;;Wailord;1;;;
;;;;;;;;;;;;;;;;;;;;;;;;
25;Cooper;;;;;;;;;;;;;;;;;;;;;;;
Abomasnow;1;;;;Ambipom;;2;;;Armaldo;;2;;;Aromatisse;;2;;;Aurorus;1;;;
Banette;1;;;;Barbaracle;;2;;;Beedrill;;2;;;Bisharp;;2;;;Bouffalant;;2;;
Breloom;1;2;;;Camerupt;;2;;;Chesnaught;;2;;;Clawitzer;1;;;;Comfey;;2;;
Drifblim;;2;;;Druddigon;;2;;;Dugtrio;1;;;;Eelektross;1;;;;Escavalier;;2;;
Excadrill;;2;;;Exeggutor;1;;;;Exploud;;2;;;Ferrothorn;1;2;;;Florges;1;;;
Gardevoir;;2;;;Gliscor;1;;;;Gogoat;;2;;;Golem;1;;;;Golurk;1;;;
Gourgeist;1;2;;;Hawlucha;;2;;;Heracross;;2;;;Kingdra;1;;;;Lickilicky;1;2;;
Ludicolo;;2;;;Malamar;;2;;;Manectric;;2;;;Marowak;1;;;;Mawile;;2;;
Muk;1;;;;Musharna;1;2;;;Nidoking;;2;;;Ninetales;1;;;;Noivern;;2;;
Pidgeot;;2;;;Pyroar;1;;;;Raichu;1;;;;Reuniclus;;2;;;Ribombee;;2;;
Sandslash;1;;;;Sawk;;2;;;Sceptile;;2;;;Shiftry;;2;;;Spiritomb;;2;;
Steelix;;2;;;Tangrowth;;2;;;Throh;1;;;;Torterra;;2;;;Toucannon;;2;;
Toxicroak;;2;;;Typhlosion;;2;;;Unfezant;;2;;;Vespiquen;1;;;;Volcarona;;2;;
Rotom (Wash Rotom);1;2;;;Weezing;;2;;;Zoroark;;2;;;;;;;;;;;;
;;;;;;;;;;;;;;;;;;;;;;;;
26;Darien;;;;;;;;;;;;;;;;;;;;;;;
Abomasnow;1;;;;Ambipom;;2;;;Armaldo;;2;;;Aromatisse;;2;;;Aurorus;1;;;
Banette;1;;;;Barbaracle;;2;;;Beedrill;;2;;;Bisharp;;2;;;Bouffalant;;2;;
Breloom;1;2;;;Camerupt;;2;;;Chesnaught;;2;;;Clawitzer;1;;;;Comfey;;2;;
Drifblim;;2;;;Druddigon;;2;;;Dugtrio;1;;;;Eelektross;1;;;;Escavalier;;2;;
Excadrill;;2;;;Exeggutor;1;;;;Exploud;;2;;;Ferrothorn;1;2;;;Florges;1;;;
Gardevoir;;2;;;Gliscor;1;;;;Gogoat;;2;;;Golem;1;;;;Golurk;1;;;
Gourgeist;1;2;;;Hawlucha;;2;;;Heracross;;2;;;Kingdra;1;;;;Lickilicky;1;2;;
Ludicolo;;2;;;Malamar;;2;;;Manectric;;2;;;Marowak;1;;;;Mawile;;2;;
Muk;1;;;;Musharna;1;2;;;Nidoking;;2;;;Ninetales;1;;;;Noivern;;2;;
Pidgeot;;2;;;Probopass;1;2;;;Pyroar;1;2;;;Raichu;1;;;;Reuniclus;;2;;
Ribombee;;2;;;Sandslash;1;;;;Sawk;;2;;;Sceptile;;2;;;Shiftry;;2;;
Spiritomb;;2;;;Steelix;;2;;;Tangrowth;;2;;;Throh;1;;;;Torterra;;2;;
Toucannon;;2;;;Toxicroak;;2;;;Unfezant;;2;;;Vespiquen;1;;;;Volcarona;;2;;
Rotom (Wash Rotom);1;2;;;Weezing;;2;;;Zoroark;;2;;;;;;;;;;;;
;;;;;;;;;;;;;;;;;;;;;;;;
27;Hart,Odessa;;;;;;;;;;;;;;;;;;;;;;;
Absol;1;2;;;Arcanine;1;2;;;Drifblim;1;;;;Durant;;2;;;Dusknoir;1;2;;
Gliscor;;2;;;Golisopod;1;;;;Gyarados;1;2;;;Incineroar;1;2;;;Mawile;1;2;;
Mienshao;1;;;;Rotom (Mow Rotom);1;2;;;Oricorio (Sensu Style);1;;;;Salamence;1;2;;;Scrafty;1;2;;
Staraptor;1;2;;;Sylveon;;2;;;Tauros;1;2;;;Togedemaru;;2;;;Vespiquen;1;2;;
Weavile;1;2;;;;;;;;;;;;;;;;;;;;;;
;;;;;;;;;;;;;;;;;;;;;;;;
28;Kaula;;;;;;;;;;;;;;;;;;;;;;;
Accelgor;;2;;;Aggron;;2;;;Exeggutor (Alola Form);1;;;;Altaria;;2;;;Amoonguss;;2;;
Ampharos;1;;;;Audino;;2;;;Avalugg;1;;;;Beartic;;2;;;Bewear;;2;;
Braviary;;2;;;Bronzong;1;;;;Chandelure;1;;;;Cofagrigus;1;;;;Comfey;;2;;
Conkeldurr;1;;;;Darmanitan;;2;;;Decidueye;;2;;;Dhelmise;;2;;;Dragonite;;2;;
Drapion;;2;;;Dugtrio;1;;;;Durant;;2;;;Electivire;1;2;;;Electrode;;2;;
Exeggutor;1;;;;Florges;;2;;;Gallade;;2;;;Gogoat;1;;;;Golem;1;;;
Gothitelle;;2;;;Haxorus;;2;;;Rotom (Heat Rotom);1;2;;;Hippowdon;;2;;;Honchkrow;;2;;
Houndoom;;2;;;Hydreigon;;2;;;Jellicent;1;;;;Klinklang;;2;;;Komala;;2;;
Lickilicky;1;2;;;Liepard;;2;;;Lopunny;;2;;;Lurantis;;2;;;Mamoswine;1;;;
Marowak;1;;;;Meganium;;2;;;Mienshao;;2;;;Milotic;;2;;;Muk;1;;;
Nidoqueen;;2;;;Ninetales;1;;;;Oranguru;;2;;;Oricorio (Pa'u Style);1;;;;Passimian;;2;;
Probopass;1;2;;;Raichu;1;;;;Reuniclus;1;;;;Rhyperior;1;;;;Ribombee;;2;;
Sandslash;1;;;;Sawk;1;;;;Scrafty;;2;;;Shuckle;;2;;;Slaking;;2;;
Staraptor;;2;;;Tangrowth;1;;;;Throh;;2;;;Togekiss;;2;;;Toucannon;;2;;
Trevenant;;2;;;Tsareena;;2;;;Tyranitar;;2;;;Tyrantrum;;2;;;Unfezant;1;;;
Ursaring;;2;;;Walrein;1;;;;Yanmega;1;;;;;;;;;;;;;
;;;;;;;;;;;;;;;;;;;;;;;;
29;Charlene;;;;;;;;;;;;;;;;;;;;;;;
Accelgor;;2;;;Aggron;;2;;;Exeggutor (Alola Form);1;;;;Altaria;;2;;;Amoonguss;;2;;
Ampharos;1;;;;Audino;;2;;;Avalugg;1;;;;Beartic;;2;;;Bewear;;2;;
Braviary;;2;;;Bronzong;1;;;;Chandelure;1;;;;Cofagrigus;1;;;;Comfey;;2;;
Conkeldurr;1;;;;Darmanitan;;2;;;Decidueye;;2;;;Dhelmise;;2;;;Dragonite;;2;;
Drapion;;2;;;Dugtrio;1;;;;Durant;;2;;;Electivire;1;2;;;Electrode;;2;;
Exeggutor;1;;;;Florges;;2;;;Gallade;;2;;;Gogoat;1;;;;Golem;1;;;
Gothitelle;;2;;;Haxorus;;2;;;Rotom (Heat Rotom);1;2;;;Hippowdon;;2;;;Honchkrow;;2;;
Houndoom;;2;;;Hydreigon;;2;;;Jellicent;1;;;;Klinklang;;2;;;Komala;;2;;
Lickilicky;1;2;;;Liepard;;2;;;Lopunny;;2;;;Lurantis;;2;;;Mamoswine;1;;;
Marowak;1;;;;Meganium;;2;;;Mienshao;;2;;;Milotic;;2;;;Muk;1;;;
Nidoqueen;;2;;;Ninetales;1;;;;Oranguru;;2;;;Oricorio (Pa'u Style);1;;;;Passimian;;2;;
Raichu;1;;;;Reuniclus;1;;;;Rhyperior;1;;;;Ribombee;;2;;;Sandslash;1;;;
Sawk;1;;;;Scrafty;;2;;;Shuckle;;2;;;Slaking;;2;;;Staraptor;;2;;
Tangrowth;1;;;;Throh;;2;;;Togekiss;;2;;;Toucannon;;2;;;Trevenant;;2;;
Tsareena;;2;;;Tyranitar;;2;;;Tyrantrum;;2;;;Unfezant;1;;;;Ursaring;;2;;
Walrein;1;;;;Yanmega;1;;;;;;;;;;;;;;;;;;
;;;;;;;;;;;;;;;;;;;;;;;;
30;Jairo;;;;;;;;;;;;;;;;;;;;;;;
Aggron;1;;;;Golem (Alola Form);1;;;;Muk (Alola Form);1;;;;Amoonguss;1;2;;;Avalugg;1;2;;
Banette;;2;;;Beartic;1;;;;Beedrill;;2;;;Blastoise;;2;;;Blaziken;;2;;
Breloom;;2;;;Bruxish;1;;;;Carbink;;2;;;Clawitzer;1;;;;Cofagrigus;1;;;
Crabominable;1;;;;Crobat;;2;;;Dhelmise;1;;;;Drapion;1;;;;Eelektross;;2;;
Electrode;;2;;;Ferrothorn;;2;;;Garchomp;1;;;;Gastrodon;;2;;;Gengar;1;;;
Gigalith;1;;;;Gogoat;;2;;;Goodra;;2;;;Gourgeist;;2;;;Rotom (Heat Rotom);1;2;;
Hippowdon;1;2;;;Jellicent;;2;;;Kingdra;;2;;;Magnezone;;2;;;Metagross;1;;;
Mimikyu;;2;;;Minior;;2;;;Mismagius;;2;;;Musharna;;2;;;Palossand;1;;;
Pinsir;;2;;;Politoed;;2;;;Reuniclus;;2;;;Sableye;;2;;;Salazzle;1;2;;
Sawk;1;;;;Sceptile;;2;;;Shuckle;;2;;;Skarmory;1;2;;;Slaking;;2;;
Snorlax;;2;;;Starmie;;2;;;Steelix;1;;;;Tangrowth;1;2;;;Tentacruel;1;;;
Torterra;;2;;;Toxapex;1;;;;Toxicroak;;2;;;Turtonator;1;;;;Unfezant;;2;;
Vanilluxe;;2;;;Vaporeon;;2;;;Vikavolt;;2;;;Walrein;;2;;;Weezing;1;2;;
;;;;;;;;;;;;;;;;;;;;;;;;
31;Xaden,Giles;;;;;;;;;;;;;;;;;;;;;;;
Aerodactyl;1;2;;;Dugtrio (Alola Form);1;;;;Bastiodon;1;2;;;Carbink;;2;;;Cradily;1;2;;
Dugtrio;1;;;;Excadrill;1;2;;;Ferrothorn;1;;;;Flygon;1;2;;;Garchomp;1;2;;
Gastrodon;1;2;;;Gigalith;1;2;;;Gliscor;1;2;;;Golem;1;;;;Golurk;;2;;
Hippowdon;1;2;;;Lycanroc (Midnight Form);1;;;;Lycanroc (Midday Form);1;;;;Magnezone;;2;;;Minior;1;2;;
Rotom (Mow Rotom);1;2;;;Mudsdale;1;2;;;Palossand;1;2;;;Probopass;1;2;;;Rampardos;1;2;;
Rhyperior;1;2;;;Sandslash;1;;;;Skarmory;;2;;;Steelix;1;2;;;Tyranitar;1;2;;
Tyrantrum;;2;;;;;;;;;;;;;;;;;;;;;;
;;;;;;;;;;;;;;;;;;;;;;;;
32;Skip;;;;;;;;;;;;;;;;;;;;;;;
Aggron;1;2;;;Dugtrio (Alola Form);1;;;;Exeggutor (Alola Form);1;;;;Golem (Alola Form);1;;;;Muk (Alola Form);1;;;
Ampharos;1;;;;Armaldo;1;;;;Aurorus;1;;;;Barbaracle;;2;;;Bastiodon;1;;;
Bewear;;2;;;Braviary;;2;;;Bronzong;;2;;;Carracosta;1;;;;Conkeldurr;1;2;;
Decidueye;;2;;;Dhelmise;;2;;;Dragonite;;2;;;Eelektross;1;;;;Electivire;1;2;;
Electrode;1;;;;Escavalier;;2;;;Excadrill;1;;;;Exploud;;2;;;Ferrothorn;1;;;
Flygon;1;;;;Gastrodon;;2;;;Gliscor;;2;;;Golurk;;2;;;Goodra;1;;;
Hippowdon;1;;;;Honchkrow;;2;;;Jolteon;;2;;;Klinklang;1;2;;;Komala;;2;;
Lanturn;1;;;;Lurantis;;2;;;Lycanroc (Midnight Form);1;;;;Machamp;;2;;;Magnezone;1;;;
Mamoswine;;2;;;Manectric;;2;;;Medicham;1;2;;;Meganium;;2;;;Mienshao;;2;;
Milotic;;2;;;Mismagius;;2;;;Mudsdale;;2;;;Nidoking;;2;;;Nidoqueen;;2;;
Oranguru;;2;;;Palossand;1;;;;Passimian;;2;;;Pelipper;;2;;;Pinsir;;2;;
Porygon-Z;;2;;;Porygon2;;2;;;Probopass;1;2;;;Raichu;1;;;;Rampardos;1;;;
Reuniclus;1;;;;Rhyperior;1;2;;;Sandslash;1;;;;Steelix;1;;;;Swampert;;2;;
Throh;1;;;;Togedemaru;;2;;;Trevenant;;2;;;Tsareena;;2;;;Typhlosion;;2;;
Vikavolt;1;2;;;Rotom (Wash Rotom);1;2;;;;;;;;;;;;;;;;;
;;;;;;;;;;;;;;;;;;;;;;;;
33;JT,Benjamin;;;;;;;;;;;;;;;;;;;;;;;
Abomasnow;1;2;;;Ninetales (Alola Form);1;;;;Sandslash (Alola Form);1;;;;Aurorus;1;2;;;Avalugg;1;2;;
Beartic;1;2;;;Crabominable;1;2;;;Froslass;1;2;;;Rotom (Frost Rotom);1;2;;;Glaceon;1;2;;
Glalie;1;2;;;Mamoswine;1;2;;;Vanilluxe;1;2;;;Walrein;1;2;;;Weavile;1;2;;
;;;;;;;;;;;;;;;;;;;;;;;;
34;Henry;;;;;;;;;;;;;;;;;;;;;;;
Abomasnow;;2;;;Absol;1;2;;;Alakazam;;2;;;Altaria;;2;;;Ambipom;;2;;
Ampharos;;2;;;Araquanid;;2;;;Arcanine;1;;;;Audino;;2;;;Bisharp;;2;;
Bouffalant;;2;;;Braviary;1;;;;Chandelure;1;;;;Charizard;;2;;;Chesnaught;1;2;;
Clawitzer;;2;;;Cofagrigus;1;2;;;Crabominable;;2;;;Crobat;;2;;;Dragonite;1;;;
Drampa;;2;;;Druddigon;;2;;;Dusknoir;;2;;;Emboar;;2;;;Empoleon;;2;;
Espeon;;2;;;Rotom (Fan Rotom);1;;;;Florges;;2;;;Flygon;;2;;;Gallade;;2;;
Garchomp;1;2;;;Gardevoir;;2;;;Gliscor;1;;;;Golisopod;;2;;;Gothitelle;;2;;
Greninja;;2;;;Hariyama;;2;;;Hawlucha;;2;;;Haxorus;;2;;;Heracross;;2;;
Honchkrow;1;;;;Houndoom;1;;;;Hydreigon;1;;;;Infernape;;2;;;Jellicent;1;;;
Kangaskhan;;2;;;Kingdra;1;;;;Lapras;1;;;;Liepard;;2;;;Malamar;1;2;;
Mandibuzz;;2;;;Mawile;;2;;;Medicham;;2;;;Metagross;;2;;;Mienshao;1;;;
Mismagius;;2;;;Musharna;1;;;;Noivern;;2;;;Oranguru;1;;;;Pidgeot;;2;;
Pyroar;1;;;;Sableye;;2;;;Salamence;1;;;;Samurott;;2;;;Sawk;;2;;
Scizor;1;;;;Shiftry;1;;;;Snorlax;;2;;;Spiritomb;;2;;;Talonflame;1;;;
Throh;;2;;;Toucannon;1;;;;Typhlosion;;2;;;Umbreon;;2;;;Ursaring;;2;;
Venusaur;;2;;;Volcarona;1;;;;Weavile;;2;;;Yanmega;;2;;;Zoroark;1;;;
;;;;;;;;;;;;;;;;;;;;;;;;
35;Ikram;;;;;;;;;;;;;;;;;;;;;;;
Arcanine;1;;;;Blaziken;;2;;;Camerupt;;2;;;Chandelure;;2;;;Charizard;;2;;
Darmanitan;;2;;;Exeggutor;1;;;;Flareon;;2;;;Rotom (Heat Rotom);1;2;;;Houndoom;;2;;
Leafeon;;2;;;Lilligant;;2;;;Lurantis;1;;;;Magmortar;1;2;;;Ninetales;1;;;
Pyroar;;2;;;Salazzle;;2;;;Shiftry;;2;;;Talonflame;;2;;;Turtonator;;2;;
Typhlosion;1;;;;Venusaur;;2;;;Volcarona;;2;;;Whimsicott;;2;;;;;;;
;;;;;;;;;;;;;;;;;;;;;;;;
36;Jerry;;;;;;;;;;;;;;;;;;;;;;;
Arcanine;1;;;;Blaziken;;2;;;Camerupt;;2;;;Chandelure;;2;;;Charizard;;2;;
Darmanitan;;2;;;Exeggutor;1;;;;Flareon;;2;;;Hariyama;;2;;;Rotom (Heat Rotom);1;2;;
Houndoom;;2;;;Leafeon;;2;;;Lilligant;;2;;;Lurantis;1;;;;Magmortar;1;2;;
Medicham;;2;;;Ninetales;1;;;;Pyroar;;2;;;Salazzle;;2;;;Shiftry;;2;;
Talonflame;;2;;;Turtonator;;2;;;Typhlosion;1;;;;Venusaur;;2;;;Volcarona;;2;;
Whimsicott;;2;;;;;;;;;;;;;;;;;;;;;;
;;;;;;;;;;;;;;;;;;;;;;;;
37;Cheryl;;;;;;;;;;;;;;;;;;;;;;;
Marowak (Alola Form);1;;;;Ninetales (Alola Form);1;;;;Sandslash (Alola Form);1;;;;Altaria;1;;;;Arcanine;1;2;;
Archeops;;2;;;Aromatisse;;2;;;Aurorus;;2;;;Blissey;;2;;;Bouffalant;1;;;
Bronzong;1;;;;Bruxish;;2;;;Carbink;;2;;;Chandelure;;2;;;Comfey;;2;;
Cradily;;2;;;Crobat;;2;;;Delphox;1;2;;;Drapion;;2;;;Drifblim;;2;;
Flareon;;2;;;Florges;1;;;;Froslass;1;2;;;Gardevoir;1;;;;Gengar;;2;;
Gigalith;;2;;;Glaceon;1;2;;;Golisopod;;2;;;Goodra;;2;;;Gothitelle;1;;;
Gourgeist;1;;;;Gyarados;;2;;;Hariyama;;2;;;Incineroar;;2;;;Jolteon;;2;;
Kangaskhan;;2;;;Lanturn;;2;;;Lapras;;2;;;Leafeon;1;2;;;Liepard;;2;;
Lilligant;1;2;;;Lopunny;;2;;;Lucario;;2;;;Lurantis;1;;;;Magmortar;1;2;;
Mamoswine;1;;;;Medicham;1;;;;Metagross;;2;;;Mienshao;;2;;;Milotic;1;;;
Minior;;2;;;Mismagius;;2;;;Rotom (Mow Rotom);1;2;;;Oricorio (Pa'u Style);1;;;;Oricorio (Sensu Style);1;;;
Pinsir;;2;;;Primarina;;2;;;Sableye;;2;;;Salamence;;2;;;Scizor;;2;;
Serperior;;2;;;Sharpedo;;2;;;Shiinotic;;2;;;Slowbro;;2;;;Slowking;1;2;;
Starmie;1;;;;Sylveon;1;2;;;Talonflame;1;2;;;Tauros;;2;;;Tentacruel;;2;;
Toucannon;;2;;;Toxapex;;2;;;Tsareena;1;;;;Turtonator;;2;;;Unfezant;1;;;
Vespiquen;1;2;;;Vikavolt;;2;;;Wailord;;2;;;Walrein;1;;;;Whimsicott;;2;;
Wishiwashi;;2;;;;;;;;;;;;;;;;;;;;;;
;;;;;;;;;;;;;;;;;;;;;;;;
38;Christy,Verna;;;;;;;;;;;;;;;;;;;;;;;
Accelgor;;2;;;Marowak (Alola Form);1;;;;Araquanid;;2;;;Armaldo;;2;;;Barbaracle;;2;;
Beartic;;2;;;Blastoise;;2;;;Bronzong;1;2;;;Carracosta;;2;;;Empoleon;;2;;
Feraligatr;;2;;;Gastrodon;1;2;;;Glalie;;2;;;Greninja;;2;;;Jellicent;1;2;;
Jolteon;;2;;;Kingdra;;2;;;Lanturn;;2;;;Lapras;1;2;;;Ludicolo;;2;;
Pelipper;1;2;;;Politoed;1;2;;;Primarina;;2;;;Samurott;;2;;;Sharpedo;;2;;
Shiftry;1;;;;Shiinotic;;2;;;Slowbro;;2;;;Slowking;;2;;;Starmie;;2;;
Swampert;;2;;;Tentacruel;;2;;;Toxapex;;2;;;Toxicroak;;2;;;Vaporeon;;2;;
Wailord;;2;;;Walrein;;2;;;Rotom (Wash Rotom);1;2;;;Wishiwashi;1;2;;;;;;;
;;;;;;;;;;;;;;;;;;;;;;;;
39;Duncan,Nobunaga;;;;;;;;;;;;;;;;;;;;;;;
Aerodactyl;;2;;;Alakazam;;2;;;Muk (Alola Form);1;;;;Ampharos;;2;;;Archeops;;2;;
Armaldo;;2;;;Aurorus;;2;;;Avalugg;;2;;;Banette;;2;;;Barbaracle;;2;;
Bastiodon;;2;;;Blissey;;2;;;Bruxish;;2;;;Carracosta;1;2;;;Clawitzer;;2;;
Cofagrigus;;2;;;Conkeldurr;;2;;;Cradily;;2;;;Decidueye;1;;;;Delphox;;2;;
Dragonite;1;;;;Drampa;1;2;;;Eelektross;;2;;;Electivire;1;2;;;Emboar;;2;;
Espeon;;2;;;Rotom (Fan Rotom);1;2;;;Feraligatr;;2;;;Flareon;1;;;;Garchomp;1;;;
Gengar;;2;;;Gliscor;;2;;;Goodra;;2;;;Greninja;1;;;;Haxorus;1;;;
Hydreigon;;2;;;Infernape;;2;;;Kangaskhan;1;2;;;Lickilicky;1;2;;;Lilligant;1;;;
Lucario;;2;;;Machamp;;2;;;Magmortar;1;2;;;Mamoswine;;2;;;Mandibuzz;;2;;
Metagross;1;2;;;Milotic;1;;;;Mimikyu;;2;;;Nidoking;;2;;;Nidoqueen;;2;;
Palossand;;2;;;Pinsir;1;;;;Porygon-Z;;2;;;Porygon2;;2;;;Rampardos;1;2;;
Salamence;1;;;;Scizor;;2;;;Serperior;;2;;;Skarmory;1;;;;Slaking;1;;;
Snorlax;1;2;;;Spiritomb;1;;;;Tauros;1;;;;Togekiss;;2;;;Trevenant;1;;;
Typhlosion;1;;;;Tyranitar;;2;;;Tyrantrum;;2;;;Umbreon;;2;;;Volcarona;1;;;
Yanmega;;2;;;Zoroark;;2;;;;;;;;;;;;;;;;;
;;;;;;;;;;;;;;;;;;;;;;;;
40;Arnon;;;;;;;;;;;;;;;;;;;;;;;
Abomasnow;;2;;;Accelgor;;;3;;Exeggutor (Alola Form);1;;;;Amoonguss;;;3;;Archeops;;;3;
Audino;;;3;;Aurorus;;;3;;Banette;;2;;;Beedrill;;;3;;Blissey;;;3;
Bouffalant;;;3;;Braviary;;;3;;Breloom;;2;;;Bruxish;;;3;;Carbink;;;3;
Chesnaught;;;3;;Clawitzer;;;3;;Cofagrigus;;2;3;;Cradily;;;3;;Decidueye;;;3;
Delphox;;2;;;Dhelmise;;2;;;Dragonite;;2;3;;Drampa;;;3;;Dusknoir;;;3;
Electivire;;2;3;;Ferrothorn;;2;;;Florges;;;3;;Garchomp;;;3;;Gliscor;;2;;
Gogoat;;2;;;Goodra;;;3;;Haxorus;;;3;;Honchkrow;;2;;;Hydreigon;;;3;
Komala;;2;;;Leafeon;;2;;;Lickilicky;;2;3;;Liepard;;;3;;Lilligant;;2;;
Lopunny;;;3;;Lurantis;;2;;;Lycanroc (Midnight Form);1;;;;Metagross;;;3;;Milotic;;2;;
Minior;;;3;;Rotom (Mow Rotom);;2;3;;Noivern;;2;3;;Oranguru;;2;;;Passimian;;2;;
Pidgeot;;;3;;Pyroar;;2;;;Reuniclus;;2;;;Sandslash;;2;;;Serperior;;;3;
Shiftry;;;3;;Shiinotic;;2;;;Spiritomb;;;3;;Staraptor;;;3;;Tangrowth;;2;;
Tauros;;2;;;Trevenant;;2;3;;Tsareena;;2;;;Tyranitar;;;3;;Tyrantrum;;;3;
Umbreon;;;3;;Unfezant;;2;3;;Ursaring;;;3;;Volcarona;;;3;;Walrein;;;3;
Weavile;;;3;;Yanmega;;;3;;;;;;;;;;;;;;;;
;;;;;;;;;;;;;;;;;;;;;;;;
41;Alim;;;;;;;;;;;;;;;;;;;;;;;
Abomasnow;;2;;;Accelgor;;;3;;Exeggutor (Alola Form);1;;;;Amoonguss;;;3;;Archeops;;;3;
Audino;;;3;;Aurorus;;;3;;Banette;;2;;;Beedrill;;;3;;Blissey;;;3;
Bouffalant;;;3;;Braviary;;;3;;Breloom;;2;;;Bruxish;;;3;;Carbink;;;3;
Chesnaught;;;3;;Clawitzer;;;3;;Cofagrigus;;2;3;;Cradily;;;3;;Decidueye;;;3;
Delphox;;2;;;Dhelmise;;2;;;Dragonite;;2;3;;Drampa;;;3;;Dusknoir;;;3;
Electivire;;2;3;;Ferrothorn;;2;;;Florges;;;3;;Garchomp;;;3;;Gliscor;;2;;
Gogoat;;2;;;Goodra;;;3;;Haxorus;;;3;;Honchkrow;;2;;;Hydreigon;;;3;
Komala;;2;;;Leafeon;;2;;;Liepard;;;3;;Lilligant;;2;;;Lopunny;;;3;
Ludicolo;;;3;;Lurantis;;2;;;Lycanroc (Midnight Form);1;;;;Metagross;;;3;;Milotic;;2;;
Minior;;;3;;Rotom (Mow Rotom);;2;3;;Noivern;;2;3;;Oranguru;;2;;;Passimian;;2;;
Pyroar;;2;;;Reuniclus;;2;;;Sandslash;;2;;;Serperior;;;3;;Shiftry;;;3;
Shiinotic;;2;;;Spiritomb;;;3;;Staraptor;;;3;;Tangrowth;;2;;;Tauros;;2;;
Trevenant;;2;3;;Tsareena;;2;;;Tyranitar;;;3;;Tyrantrum;;;3;;Umbreon;;;3;
Unfezant;;2;3;;Ursaring;;;3;;Volcarona;;;3;;Walrein;;;3;;Weavile;;;3;
Whimsicott;;;3;;Yanmega;;;3;;;;;;;;;;;;;;;;
;;;;;;;;;;;;;;;;;;;;;;;;
42;Zeno,Christina;;;;;;;;;;;;;;;;;;;;;;;
Espeon;;2;3;;Flareon;;2;3;;Glaceon;;2;3;;Jolteon;;2;3;;Leafeon;;2;3;
Sylveon;;2;3;;Umbreon;;2;3;;Vaporeon;;2;3;;;;;;;;;;;
;;;;;;;;;;;;;;;;;;;;;;;;
43;Anisa;;;;;;;;;;;;;;;;;;;;;;;
Abomasnow;;2;;;Aerodactyl;;2;;;Exeggutor (Alola Form);1;;;;Amoonguss;;;3;;Ampharos;;2;3;
Archeops;;;3;;Audino;;;3;;Avalugg;;2;;;Bewear;;;3;;Blissey;;;3;
Bouffalant;;;3;;Braviary;;;3;;Breloom;;2;;;Bruxish;;;3;;Comfey;;;3;
Cradily;;;3;;Decidueye;;2;;;Dhelmise;;2;3;;Empoleon;;;3;;Feraligatr;;;3;
Ferrothorn;;2;;;Garchomp;;;3;;Gogoat;;2;3;;Golisopod;;;3;;Gourgeist;;2;;
Greninja;;2;3;;Haxorus;;;3;;Honchkrow;;2;;;Hydreigon;;;3;;Jellicent;;;3;
Komala;;2;;;Leafeon;;2;;;Liepard;;;3;;Lilligant;;2;;;Lopunny;;;3;
Lurantis;;2;;;Lycanroc (Midnight Form);1;;;;Magmortar;;2;3;;Mamoswine;;2;;;Meganium;;;3;
Metagross;;;3;;Milotic;;2;;;Rotom (Mow Rotom);;2;3;;Palossand;;2;;;Passimian;;2;;
Pidgeot;;;3;;Probopass;;2;3;;Pyroar;;2;;;Salamence;;2;;;Sandslash;;2;;
Sceptile;;;3;;Shiftry;;;3;;Shiinotic;;2;;;Staraptor;;;3;;Tangrowth;;2;;
Tauros;;2;;;Toxapex;;;3;;Trevenant;;2;;;Tsareena;;2;;;Tyranitar;;;3;
Umbreon;;;3;;Unfezant;;2;;;Ursaring;;;3;;Venusaur;;2;3;;Vespiquen;;2;;
Vikavolt;;;3;;Volcarona;;;3;;Weavile;;;3;;;;;;;;;;;
;;;;;;;;;;;;;;;;;;;;;;;;
44;Calliope;;;;;;;;;;;;;;;;;;;;;;;
Abomasnow;;2;;;Aerodactyl;;2;;;Exeggutor (Alola Form);1;;;;Amoonguss;;;3;;Ampharos;;2;3;
Archeops;;;3;;Audino;;;3;;Avalugg;;2;;;Bewear;;;3;;Blissey;;;3;
Bouffalant;;;3;;Braviary;;;3;;Breloom;;2;;;Bruxish;;;3;;Comfey;;;3;
Cradily;;;3;;Decidueye;;2;;;Dhelmise;;2;3;;Empoleon;;;3;;Feraligatr;;;3;
Ferrothorn;;2;;;Garchomp;;;3;;Gogoat;;2;3;;Golisopod;;;3;;Gourgeist;;2;;
Greninja;;2;3;;Haxorus;;;3;;Honchkrow;;2;;;Hydreigon;;;3;;Jellicent;;;3;
Komala;;2;;;Leafeon;;2;;;Lickilicky;;2;3;;Liepard;;;3;;Lilligant;;2;;
Lopunny;;;3;;Ludicolo;;;3;;Lurantis;;2;;;Lycanroc (Midnight Form);1;;;;Mamoswine;;2;;
Meganium;;;3;;Metagross;;;3;;Milotic;;2;;;Rotom (Mow Rotom);;2;3;;Palossand;;2;;
Passimian;;2;;;Probopass;;2;3;;Pyroar;;2;;;Salamence;;2;;;Sandslash;;2;;
Sceptile;;;3;;Shiftry;;;3;;Shiinotic;;2;;;Staraptor;;;3;;Tangrowth;;2;;
Tauros;;2;;;Toxapex;;;3;;Trevenant;;2;;;Tsareena;;2;;;Tyranitar;;;3;
Umbreon;;;3;;Unfezant;;2;;;Ursaring;;;3;;Venusaur;;2;3;;Vespiquen;;2;;
Vikavolt;;;3;;Volcarona;;;3;;Weavile;;;3;;Whimsicott;;;3;;;;;;
;;;;;;;;;;;;;;;;;;;;;;;;
45;Nedry;;;;;;;;;;;;;;;;;;;;;;;
Absol;;;3;;Aggron;;;3;;Raichu (Alola Form);;2;;;Sandslash (Alola Form);1;;;;Ambipom;;2;;
Arcanine;;2;;;Audino;;2;;;Banette;;;3;;Beartic;;;3;;Blastoise;;;3;
Blissey;;2;;;Braviary;;2;;;Camerupt;;;3;;Chandelure;;;3;;Crobat;;;3;
Decidueye;;2;3;;Dugtrio;;2;;;Electivire;;2;3;;Espeon;;;3;;Exeggutor;;2;;
Flareon;;2;;;Gastrodon;;;3;;Glaceon;;2;;;Glalie;;2;3;;Gourgeist;;2;;
Hippowdon;;;3;;Houndoom;;2;;;Jolteon;;;3;;Kangaskhan;;;3;;Kingdra;;;3;
Komala;;;3;;Lanturn;;;3;;Leafeon;;;3;;Lickilicky;;2;3;;Liepard;;2;;
Lilligant;;;3;;Lopunny;;2;;;Lucario;;;3;;Lurantis;;;3;;Magnezone;;;3;
Malamar;;;3;;Mandibuzz;;;3;;Manectric;;;3;;Marowak;;2;;;Mawile;;;3;
Medicham;;;3;;Mienshao;;;3;;Milotic;;;3;;Mimikyu;;2;;;Mudsdale;;;3;
Musharna;;2;;;Nidoking;;;3;;Nidoqueen;;;3;;Ninetales;;2;;;Oranguru;;;3;
Oricorio (Pom-Pom Style);1;;;;Pelipper;;;3;;Pidgeot;;2;;;Porygon-Z;;;3;;Probopass;;2;3;
Pyroar;;;3;;Reuniclus;;;3;;Rhyperior;;2;;;Sableye;;;3;;Sawk;;;3;
Serperior;;;3;;Sharpedo;;;3;;Skarmory;;;3;;Slaking;;;3;;Snorlax;;;3;
Staraptor;;2;;;Sylveon;;2;;;Talonflame;;2;;;Tauros;;;3;;Tentacruel;;2;;
Throh;;;3;;Togedemaru;;;3;;Togekiss;;;3;;Torterra;;;3;;Turtonator;;2;;
Umbreon;;2;;;Unfezant;;2;;;Vanilluxe;;;3;;Vaporeon;;;3;;Wailord;;;3;
Rotom (Wash Rotom);;2;3;;;;;;;;;;;;;;;;;;;;;
;;;;;;;;;;;;;;;;;;;;;;;;
46;Sheridan;;;;;;;;;;;;;;;;;;;;;;;
Absol;;;3;;Aggron;;;3;;Raichu (Alola Form);;2;;;Sandslash (Alola Form);1;;;;Ambipom;;2;;
Arcanine;;2;;;Audino;;2;;;Banette;;;3;;Bastiodon;;;3;;Beartic;;;3;
Blastoise;;;3;;Blissey;;2;;;Braviary;;2;;;Breloom;;;3;;Camerupt;;;3;
Chandelure;;;3;;Crobat;;;3;;Decidueye;;2;3;;Dugtrio;;2;;;Espeon;;;3;
Exeggutor;;2;;;Flareon;;2;;;Gastrodon;;;3;;Glaceon;;2;;;Glalie;;2;3;
Gourgeist;;2;;;Hippowdon;;;3;;Houndoom;;2;;;Jolteon;;;3;;Kangaskhan;;;3;
Kingdra;;;3;;Komala;;;3;;Lanturn;;;3;;Leafeon;;;3;;Lickilicky;;2;3;
Liepard;;2;;;Lilligant;;;3;;Lopunny;;2;;;Lucario;;;3;;Lurantis;;;3;
Lycanroc (Midday Form);;2;;;Magnezone;;;3;;Malamar;;;3;;Mandibuzz;;;3;;Manectric;;;3;
Marowak;;2;;;Medicham;;;3;;Milotic;;;3;;Mimikyu;;2;;;Mudsdale;;;3;
Musharna;;2;;;Nidoking;;;3;;Nidoqueen;;;3;;Ninetales;;2;;;Oranguru;;;3;
Oricorio (Pom-Pom Style);1;;;;Pelipper;;;3;;Pidgeot;;2;;;Porygon-Z;;;3;;Reuniclus;;;3;
Rhyperior;;2;;;Sableye;;;3;;Sawk;;;3;;Serperior;;;3;;Sharpedo;;;3;
Skarmory;;;3;;Slaking;;;3;;Snorlax;;;3;;Staraptor;;2;;;Sylveon;;2;;
Talonflame;;2;;;Tauros;;;3;;Tentacruel;;2;;;Throh;;;3;;Togedemaru;;;3;
Togekiss;;;3;;Torterra;;;3;;Turtonator;;2;;;Umbreon;;2;;;Unfezant;;2;;
Vanilluxe;;;3;;Vaporeon;;;3;;Wailord;;;3;;Rotom (Wash Rotom);;2;3;;;;;;
;;;;;;;;;;;;;;;;;;;;;;;;
47;Kiernan,Gertrude;;;;;;;;;;;;;;;;;;;;;;;
Arcanine;1;;3;;Blaziken;;;3;;Camerupt;;2;;;Charizard;;;3;;Darmanitan;;;3;
Delphox;;2;3;;Emboar;;2;3;;Exeggutor;;2;;;Rotom (Heat Rotom);;2;3;;Incineroar;;;3;
Infernape;;2;3;;Leafeon;;;3;;Lilligant;;;3;;Lurantis;1;;3;;Magmortar;;2;3;
Ninetales;1;2;;;Pyroar;;2;;;Shiftry;;;3;;Talonflame;;2;;;Tangrowth;;;3;
Tsareena;;;3;;Turtonator;;2;;;Typhlosion;1;2;;;;;;;;;;;;
;;;;;;;;;;;;;;;;;;;;;;;;
48;Dara;;;;;;;;;;;;;;;;;;;;;;;
Absol;;;3;;Aerodactyl;;;3;;Raichu (Alola Form);;2;;;Ambipom;;2;3;;Arcanine;;2;;
Audino;;2;;;Banette;;;3;;Beartic;;;3;;Blissey;;2;;;Braviary;;2;;
Camerupt;;;3;;Cofagrigus;;;3;;Crobat;;;3;;Delphox;;;3;;Druddigon;;;3;
Durant;;;3;;Electivire;;2;3;;Electrode;;;3;;Espeon;;;3;;Exeggutor;;2;;
Exploud;;;3;;Flareon;;2;;;Froslass;;2;3;;Rotom (Frost Rotom);;2;3;;Glaceon;;2;;
Gliscor;;;3;;Golem;;2;;;Golurk;;;3;;Gourgeist;;2;;;Houndoom;;2;;
Jolteon;;;3;;Kangaskhan;;;3;;Klinklang;;;3;;Komala;;;3;;Lanturn;;;3;
Leafeon;;;3;;Lickilicky;;2;3;;Liepard;;2;;;Lilligant;;;3;;Lurantis;;;3;
Mandibuzz;;2;3;;Manectric;;;3;;Mawile;;;3;;Mienshao;;;3;;Milotic;;;3;
Mimikyu;;2;;;Mudsdale;;;3;;Musharna;;2;;;Nidoking;;;3;;Nidoqueen;;;3;
Ninetales;;2;;;Oricorio (Pom-Pom Style);1;;;;Palossand;;;3;;Pelipper;;;3;;Pidgeot;;2;;
Porygon2;;;3;;Primarina;;2;3;;Probopass;;2;3;;Pyroar;;;3;;Reuniclus;;;3;
Rhyperior;;;3;;Sableye;;;3;;Samurott;;2;3;;Slaking;;;3;;Slowbro;;;3;
Snorlax;;;3;;Staraptor;;2;;;Starmie;;;3;;Steelix;;;3;;Sylveon;;2;;
Talonflame;;2;;;Tauros;;;3;;Tentacruel;;;3;;Togedemaru;;;3;;Togekiss;;;3;
Typhlosion;;;3;;Umbreon;;2;;;Unfezant;;2;;;Vaporeon;;;3;;Wailord;;;3;
Weezing;;;3;;Wishiwashi;;;3;;Yanmega;;2;;;;;;;;;;;;
;;;;;;;;;;;;;;;;;;;;;;;;
49;Rada;;;;;;;;;;;;;;;;;;;;;;;
Absol;;;3;;Aerodactyl;;;3;;Raichu (Alola Form);;2;;;Ambipom;;2;3;;Arcanine;;2;;
Audino;;2;;;Banette;;;3;;Bastiodon;;;3;;Beartic;;;3;;Blissey;;2;;
Braviary;;2;;;Breloom;;;3;;Camerupt;;;3;;Cofagrigus;;;3;;Crobat;;;3;
Delphox;;;3;;Druddigon;;;3;;Durant;;;3;;Electrode;;;3;;Espeon;;;3;
Exeggutor;;2;;;Exploud;;;3;;Flareon;;2;;;Froslass;;2;3;;Rotom (Frost Rotom);;2;3;
Glaceon;;2;;;Gliscor;;;3;;Golem;;2;;;Golurk;;;3;;Gourgeist;;2;;
Houndoom;;2;;;Jolteon;;;3;;Kangaskhan;;;3;;Klinklang;;;3;;Komala;;;3;
Lanturn;;;3;;Leafeon;;;3;;Lickilicky;;2;3;;Liepard;;2;;;Lilligant;;;3;
Lurantis;;;3;;Lycanroc (Midday Form);;2;;;Mandibuzz;;2;3;;Manectric;;;3;;Milotic;;;3;
Mimikyu;;2;;;Mudsdale;;;3;;Musharna;;2;;;Nidoking;;;3;;Nidoqueen;;;3;
Ninetales;;2;;;Oricorio (Pom-Pom Style);1;;;;Palossand;;;3;;Pelipper;;;3;;Pidgeot;;2;;
Porygon2;;;3;;Primarina;;2;3;;Reuniclus;;;3;;Rhyperior;;;3;;Sableye;;;3;
Samurott;;2;3;;Slaking;;;3;;Slowbro;;;3;;Snorlax;;;3;;Staraptor;;2;;
Starmie;;;3;;Steelix;;;3;;Sylveon;;2;;;Talonflame;;2;;;Tauros;;;3;
Tentacruel;;;3;;Togedemaru;;;3;;Togekiss;;;3;;Typhlosion;;;3;;Umbreon;;2;;
Unfezant;;2;;;Vaporeon;;;3;;Wailord;;;3;;Weezing;;;3;;Wishiwashi;;;3;
Yanmega;;2;;;;;;;;;;;;;;;;;;;;;;
;;;;;;;;;;;;;;;;;;;;;;;;
50;Dyson;;;;;;;;;;;;;;;;;;;;;;;
Abomasnow;;;3;;Alakazam;;2;3;;Altaria;;;3;;Ampharos;;;3;;Araquanid;;;3;
Archeops;;2;;;Armaldo;;;3;;Barbaracle;;;3;;Bastiodon;;2;;;Beartic;;2;;
Bewear;;2;;;Bisharp;;;3;;Bouffalant;;2;;;Breloom;;2;;;Bronzong;;;3;
Conkeldurr;;2;3;;Crabominable;;;3;;Dragonite;;2;3;;Drapion;;;3;;Dusknoir;;2;;
Electivire;;2;3;;Excadrill;;;3;;Rotom (Fan Rotom);;2;3;;Ferrothorn;;;3;;Gallade;;;3;
Gardevoir;;;3;;Gigalith;;;3;;Gogoat;;2;;;Golisopod;;2;;;Gothitelle;;;3;
Hariyama;;;3;;Hawlucha;;2;3;;Heracross;;2;3;;Honchkrow;;;3;;Lapras;;;3;
Lopunny;;;3;;Lucario;;2;;;Ludicolo;;2;;;Machamp;;2;3;;Mamoswine;;;3;
Medicham;;2;;;Mimikyu;;;3;;Mudsdale;;2;;;Musharna;;;3;;Passimian;;;3;
Pelipper;;;3;;Pinsir;;2;;;Politoed;;;3;;Rampardos;;;3;;Sawk;;2;;
Sceptile;;2;3;;Scizor;;2;;;Scrafty;;;3;;Shiftry;;2;;;Shuckle;;;3;
Slowking;;;3;;Tauros;;2;;;Throh;;2;;;Torterra;;2;3;;Toxicroak;;;3;
Ursaring;;2;;;Vikavolt;;2;;;Wailord;;2;;;Zoroark;;;3;;;;;;
;;;;;;;;;;;;;;;;;;;;;;;;
51;Chip;;;;;;;;;;;;;;;;;;;;;;;
Abomasnow;;;3;;Alakazam;;2;3;;Altaria;;;3;;Ampharos;;;3;;Araquanid;;;3;
Archeops;;2;;;Armaldo;;;3;;Barbaracle;;;3;;Bastiodon;;2;;;Beartic;;2;;
Bewear;;2;;;Bisharp;;;3;;Bouffalant;;2;;;Breloom;;2;;;Bronzong;;;3;
Conkeldurr;;2;3;;Crabominable;;;3;;Dragonite;;2;3;;Drapion;;;3;;Dusknoir;;2;;
Excadrill;;;3;;Rotom (Fan Rotom);;2;3;;Ferrothorn;;;3;;Gallade;;;3;;Gardevoir;;;3;
Gigalith;;;3;;Gogoat;;2;;;Golisopod;;2;;;Gothitelle;;;3;;Hariyama;;;3;
Hawlucha;;2;3;;Heracross;;2;3;;Honchkrow;;;3;;Lapras;;;3;;Lopunny;;;3;
Lucario;;2;;;Ludicolo;;2;;;Machamp;;2;3;;Mamoswine;;;3;;Medicham;;2;;
Mimikyu;;;3;;Mudsdale;;2;;;Musharna;;;3;;Passimian;;;3;;Pelipper;;;3;
Pinsir;;2;;;Politoed;;;3;;Probopass;;2;3;;Rampardos;;;3;;Sawk;;2;;
Sceptile;;2;3;;Scizor;;2;;;Scrafty;;;3;;Shiftry;;2;;;Shuckle;;;3;
Slowking;;;3;;Tauros;;2;;;Throh;;2;;;Torterra;;2;3;;Toxicroak;;;3;
Ursaring;;2;;;Vikavolt;;2;;;Wailord;;2;;;Zoroark;;;3;;;;;;
;;;;;;;;;;;;;;;;;;;;;;;;
52;Zero;;;;;;;;;;;;;;;;;;;;;;;
Absol;;;3;;Accelgor;;;3;;Arcanine;;2;3;;Beedrill;;;3;;Clawitzer;;;3;
Dusknoir;;;3;;Golisopod;1;;;;Greninja;;;3;;Gyarados;;2;3;;Incineroar;;2;3;
Mawile;;2;3;;Salamence;;2;3;;Scizor;;;3;;Scrafty;;2;3;;Spiritomb;;;3;
Staraptor;;2;3;;Tauros;;2;3;;Togedemaru;;2;;;Unfezant;;;3;;Vespiquen;;;3;
Weavile;;;3;;;;;;;;;;;;;;;;;;;;;
;;;;;;;;;;;;;;;;;;;;;;;;
53;Julien;;;;;;;;;;;;;;;;;;;;;;;
Marowak (Alola Form);1;;;;Muk (Alola Form);;2;;;Ninetales (Alola Form);1;;;;Amoonguss;;;3;;Aromatisse;;;3;
Avalugg;;;3;;Bisharp;;;3;;Breloom;;;3;;Bruxish;;2;;;Camerupt;;2;;
Carracosta;;;3;;Chandelure;;2;;;Charizard;;2;;;Clawitzer;;2;;;Crabominable;;2;;
Darmanitan;;2;3;;Delphox;;;3;;Drampa;;;3;;Drifblim;;;3;;Eelektross;;;3;
Escavalier;;;3;;Exeggutor;;2;;;Flareon;;;3;;Flygon;;;3;;Froslass;;2;;
Gengar;;;3;;Glaceon;;;3;;Glalie;;2;;;Gourgeist;;;3;;Gyarados;;2;3;
Hariyama;;2;;;Rotom (Heat Rotom);;2;3;;Houndoom;;;3;;Incineroar;;2;;;Jellicent;;;3;
Lanturn;;2;;;Magmortar;;2;3;;Malamar;;2;;;Mismagius;;;3;;Oranguru;;2;;
Pinsir;;;3;;Pyroar;;;3;;Reuniclus;;2;;;Rhyperior;;;3;;Ribombee;;;3;
Salamence;;2;3;;Salazzle;;;3;;Sceptile;;2;;;Scizor;;;3;;Sharpedo;;2;;
Shiinotic;;;3;;Swampert;;;3;;Talonflame;;;3;;Tangrowth;;;3;;Torterra;;2;;
Toucannon;;;3;;Turtonator;;2;3;;Typhlosion;;;3;;Vanilluxe;;2;;;Vespiquen;;;3;
Walrein;;;3;;Wishiwashi;;2;;;Yanmega;;2;;;;;;;;;;;;
;;;;;;;;;;;;;;;;;;;;;;;;
54;Sly;;;;;;;;;;;;;;;;;;;;;;;
Marowak (Alola Form);1;;;;Muk (Alola Form);;2;;;Ninetales (Alola Form);1;;;;Amoonguss;;;3;;Aromatisse;;;3;
Avalugg;;;3;;Bisharp;;;3;;Breloom;;;3;;Bruxish;;2;;;Camerupt;;2;;
Carracosta;;;3;;Chandelure;;2;;;Charizard;;2;;;Clawitzer;;2;;;Crabominable;;2;;
Darmanitan;;2;3;;Delphox;;;3;;Drampa;;;3;;Drifblim;;;3;;Eelektross;;;3;
Escavalier;;;3;;Exeggutor;;2;;;Flareon;;;3;;Flygon;;;3;;Froslass;;2;;
Gengar;;;3;;Glaceon;;;3;;Glalie;;2;;;Gourgeist;;;3;;Gyarados;;2;3;
Hariyama;;2;;;Rotom (Heat Rotom);;2;3;;Houndoom;;;3;;Incineroar;;2;;;Jellicent;;;3;
Lanturn;;2;;;Magmortar;;2;3;;Malamar;;2;;;Mismagius;;;3;;Oranguru;;2;;
Pinsir;;;3;;Reuniclus;;2;;;Rhyperior;;;3;;Ribombee;;;3;;Salamence;;2;3;
Salazzle;;;3;;Sceptile;;2;;;Scizor;;;3;;Sharpedo;;2;;;Shiinotic;;;3;
Swampert;;;3;;Talonflame;;;3;;Tangrowth;;;3;;Torterra;;2;;;Toucannon;;;3;
Turtonator;;2;3;;Typhlosion;;;3;;Vanilluxe;;2;;;Vespiquen;;;3;;Walrein;;;3;
Wishiwashi;;2;;;Yanmega;;2;;;;;;;;;;;;;;;;;
;;;;;;;;;;;;;;;;;;;;;;;;
55;Noah;;;;;;;;;;;;;;;;;;;;;;;
Absol;;;3;;Accelgor;;;3;;Arcanine;;2;3;;Beedrill;;;3;;Clawitzer;;;3;
Dusknoir;;;3;;Rotom (Frost Rotom);;2;3;;Golisopod;1;;;;Greninja;;;3;;Gyarados;;2;3;
Incineroar;;2;3;;Mawile;;2;3;;Salamence;;2;3;;Scizor;;;3;;Scrafty;;2;3;
Spiritomb;;;3;;Staraptor;;2;3;;Tauros;;2;3;;Togedemaru;;2;;;Unfezant;;;3;
Vespiquen;;;3;;Weavile;;;3;;;;;;;;;;;;;;;;
;;;;;;;;;;;;;;;;;;;;;;;;
56;Brantley,Camber;;;;;;;;;;;;;;;;;;;;;;;
Marowak (Alola Form);1;;;;Armaldo;;2;3;;Beartic;;2;3;;Blastoise;;2;3;;Bronzong;1;2;;
Bruxish;;;3;;Carracosta;;2;3;;Gastrodon;1;;;;Glalie;;2;;;Goodra;;2;3;
Greninja;;2;;;Jellicent;1;;;;Jolteon;;2;3;;Kingdra;;2;3;;Lapras;1;;;
Ludicolo;1;2;3;;Pelipper;1;2;3;;Politoed;1;2;3;;Shiinotic;;2;3;;Swampert;;;3;
Tentacruel;;2;3;;Toxicroak;;2;3;;Rotom (Wash Rotom);;2;3;;Wishiwashi;1;;;;;;;;
;;;;;;;;;;;;;;;;;;;;;;;;
57;Rendor;;;;;;;;;;;;;;;;;;;;;;;
Absol;;;;4;Golem (Alola Form);;2;;;Marowak (Alola Form);;2;;;Ninetales (Alola Form);;2;;;Altaria;;;;4
Ampharos;;;;4;Arcanine;;;;4;Archeops;;;;4;Armaldo;;;;4;Avalugg;;;;4
Bastiodon;;;;4;Blastoise;;;;4;Braviary;;;;4;Comfey;;;;4;Dhelmise;;;;4
Dragonite;;;;4;Durant;;;;4;Electivire;;;3;4;Escavalier;;;;4;Espeon;;;;4
Flareon;;;;4;Florges;;;;4;Gallade;;;;4;Gardevoir;;;;4;Gastrodon;;;;4
Gengar;;;;4;Glalie;;;;4;Golisopod;;;;4;Hariyama;;;;4;Hawlucha;;;;4
Heracross;;;;4;Honchkrow;;;;4;Klinklang;;;;4;Lanturn;;;;4;Lucario;;;;4
Machamp;;;;4;Magnezone;;;;4;Mandibuzz;;;;4;Mawile;;;;4;Medicham;;;;4
Mimikyu;;;;4;Passimian;;;;4;Pinsir;;;;4;Raichu;;2;;;Rampardos;;;;4
Salamence;;;;4;Salazzle;;;;4;Sawk;;;;4;Scizor;;;;4;Serperior;;;;4
Sharpedo;;;;4;Shiinotic;;;;4;Skarmory;;;;4;Starmie;;;;4;Sylveon;;;;4
Tentacruel;;;;4;Throh;;;;4;Togekiss;;;;4;Toxapex;;;;4;Tsareena;;;;4
Turtonator;;;;4;Umbreon;;;;4;Vaporeon;;;;4;Vikavolt;;;;4;Wailord;;;;4
Rotom (Wash Rotom);;;3;4;;;;;;;;;;;;;;;;;;;;
;;;;;;;;;;;;;;;;;;;;;;;;
58;Lou,Benji;;;;;;;;;;;;;;;;;;;;;;;
Dugtrio (Alola Form);;2;;;Cradily;;;3;;Dugtrio;;2;;;Excadrill;;;3;4;Flygon;;;;4
Garchomp;;;3;4;Gastrodon;;;3;;Gigalith;1;2;3;4;Gliscor;;;3;4;Golem;;2;;
Hippowdon;1;2;3;4;Lycanroc (Midnight Form);;2;;;Lycanroc (Midday Form);;2;;;Rotom (Mow Rotom);;;3;4;Mudsdale;;;;4
Palossand;;;3;4;Probopass;;;3;4;Sandslash;;2;;;Shuckle;;;;4;Steelix;;;;4
Tyranitar;1;2;3;4;;;;;;;;;;;;;;;;;;;;
;;;;;;;;;;;;;;;;;;;;;;;;
59;Cal;;;;;;;;;;;;;;;;;;;;;;;
Aggron;;;3;4;Aromatisse;;;;4;Audino;;;3;4;Bronzong;;;;4;Carbink;;;3;4
Chandelure;;;;4;Cofagrigus;;;3;4;Conkeldurr;;;3;4;Crabominable;;;;4;Cradily;;;;4
Dusknoir;;;;4;Eelektross;;;;4;Ferrothorn;;;;4;Rotom (Frost Rotom);;;3;4;Gothitelle;;;;4
Jellicent;;;3;4;Komala;;;;4;Oranguru;;;3;4;Reuniclus;;;3;4;Slowbro;;;3;4
Slowking;;;;4;Steelix;;;3;4;Tangrowth;;;;4;Torterra;;;;4;Trevenant;;;;4
Wishiwashi;;;3;4;;;;;;;;;;;;;;;;;;;;
;;;;;;;;;;;;;;;;;;;;;;;;
60;Tivon,Robyn;;;;;;;;;;;;;;;;;;;;;;;
Aggron;;;3;4;Aromatisse;;;;4;Audino;;;3;4;Bronzong;;;;4;Carbink;;;3;4
Chandelure;;;;4;Cofagrigus;;;3;4;Conkeldurr;;;3;4;Crabominable;;;;4;Cradily;;;;4
Dusknoir;;;;4;Eelektross;;;;4;Ferrothorn;;;;4;Rotom (Frost Rotom);;;3;4;Gothitelle;;;;4
Jellicent;;;3;4;Komala;;;;4;Lickilicky;;;3;4;Oranguru;;;3;4;Reuniclus;;;3;4
Slowbro;;;3;4;Slowking;;;;4;Steelix;;;3;4;Tangrowth;;;;4;Torterra;;;;4
Trevenant;;;;4;Wishiwashi;;;3;4;;;;;;;;;;;;;;;
;;;;;;;;;;;;;;;;;;;;;;;;
61;Chucky;;;;;;;;;;;;;;;;;;;;;;;
Absol;;;;4;Marowak (Alola Form);;2;;;Altaria;;;;4;Ambipom;;;;4;Ampharos;;;;4
Araquanid;;;;4;Arcanine;;;;4;Barbaracle;;;;4;Bewear;;;;4;Breloom;;;;4
Chesnaught;;;;4;Decidueye;;;;4;Dhelmise;;;;4;Drampa;;;;4;Druddigon;;;;4
Rotom (Fan Rotom);;;3;4;Gallade;;;;4;Golisopod;;;;4;Golurk;;;;4;Goodra;;;;4
Gyarados;;;;4;Hariyama;;;;4;Hawlucha;;;;4;Haxorus;;;;4;Heracross;;;;4
Kangaskhan;;;;4;Lapras;;;;4;Lickilicky;;;3;4;Lopunny;;;;4;Lucario;;;;4
Machamp;;;;4;Magmortar;;;3;4;Mawile;;;;4;Medicham;;;;4;Mimikyu;;;;4
Nidoqueen;;;;4;Oricorio (Baile Style);1;;;;Passimian;;;;4;Probopass;;;3;4;Rampardos;;;;4
Salazzle;;;;4;Samurott;;;;4;Sawk;;;;4;Scizor;;;;4;Scrafty;;;;4
Throh;;;;4;Toxicroak;;;;4;Tsareena;;;;4;Tyrantrum;;;;4;Ursaring;;;;4
Vikavolt;;;;4;;;;;;;;;;;;;;;;;;;;
;;;;;;;;;;;;;;;;;;;;;;;;
62;Iniko,Arnold;;;;;;;;;;;;;;;;;;;;;;;
Abomasnow;;2;;4;Sandslash (Alola Form);1;2;;;Ambipom;;;;4;Amoonguss;;;;4;Aurorus;;2;;4
Banette;;;;4;Barbaracle;;;;4;Beartic;;2;;;Beedrill;;;;4;Bisharp;;;;4
Bouffalant;;;;4;Breloom;;;;4;Camerupt;;;;4;Chesnaught;;;;4;Drapion;;;;4
Druddigon;;;;4;Durant;;;;4;Electivire;;;3;4;Escavalier;;;;4;Rotom (Fan Rotom);;;3;4
Froslass;;2;;4;Glaceon;;2;;4;Gogoat;;;;4;Golurk;;;;4;Gourgeist;;;;4
Hydreigon;;;;4;Liepard;;;;4;Lopunny;;;;4;Mamoswine;;2;;4;Manectric;;;;4
Meganium;;;;4;Mienshao;;;;4;Musharna;;;;4;Nidoking;;;;4;Nidoqueen;;;;4
Pidgeot;;;;4;Scrafty;;;;4;Spiritomb;;;;4;Staraptor;;;;4;Togekiss;;;;4
Toxicroak;;;;4;Tyrantrum;;;;4;Unfezant;;;;4;Vanilluxe;;2;;4;Vespiquen;;;;4
Volcarona;;;;4;Weezing;;;;4;Zoroark;;;;4;;;;;;;;;;
;;;;;;;;;;;;;;;;;;;;;;;;
63;Carrie;;;;;;;;;;;;;;;;;;;;;;;
Abomasnow;;;;4;Absol;;;;4;Accelgor;;;;4;Alakazam;;;;4;Marowak (Alola Form);;2;;
Altaria;;;;4;Amoonguss;;;;4;Ampharos;;;;4;Banette;;;;4;Bisharp;;;;4
Bouffalant;;;;4;Camerupt;;;;4;Carracosta;;;;4;Comfey;;;;4;Darmanitan;;;;4
Drampa;;;;4;Drapion;;;;4;Emboar;;;;4;Florges;;;;4;Froslass;;;;4
Gardevoir;;;;4;Gigalith;;;;4;Gyarados;;;;4;Hariyama;;;;4;Haxorus;;;;4
Heracross;;;;4;Houndoom;;;;4;Lapras;;;;4;Lilligant;;;;4;Ludicolo;;;;4
Machamp;;;;4;Manectric;;;;4;Mawile;;;;4;Medicham;;;;4;Meganium;;;;4
Mimikyu;;;;4;Rotom (Mow Rotom);;;;4;Musharna;;;;4;Nidoking;;;;4;Oricorio (Baile Style);1;;;
Passimian;;;;4;Pelipper;;;;4;Pidgeot;;;;4;Politoed;;;;4;Rampardos;;;;4
Salazzle;;;;4;Sawk;;;;4;Scizor;;;;4;Shiftry;;;;4;Shuckle;;;;4
Spiritomb;;;;4;Staraptor;;;;4;Sylveon;;;;4;Throh;;;;4;Tsareena;;;;4
Unfezant;;;;4;Vespiquen;;;;4;Volcarona;;;;4;Weezing;;;;4;Whimsicott;;;;4
Zoroark;;;;4;;;;;;;;;;;;;;;;;;;;
;;;;;;;;;;;;;;;;;;;;;;;;
64;Variel,Atalanta;;;;;;;;;;;;;;;;;;;;;;;
Marowak (Alola Form);1;;;;Armaldo;;;3;4;Beartic;;;3;4;Blastoise;;;;4;Bronzong;;2;;
Bruxish;;;3;;Carracosta;;;3;4;Electrode;;;;4;Empoleon;;;;4;Feraligatr;;;3;4
Glalie;;2;;;Goodra;;;3;;Greninja;;2;;4;Jolteon;;2;3;;Kingdra;;;3;4
Ludicolo;;;3;4;Pelipper;1;2;3;4;Politoed;1;2;3;4;Primarina;;;;4;Swampert;;;3;4
Rotom (Wash Rotom);;;3;4;;;;;;;;;;;;;;;;;;;;
;;;;;;;;;;;;;;;;;;;;;;;;
65;Harvey;;;;;;;;;;;;;;;;;;;;;;;
Golem (Alola Form);;2;;;Ninetales (Alola Form);;2;;;Archeops;;;;4;Aurorus;;;;4;Avalugg;;;;4
Bastiodon;;;;4;Bewear;;;;4;Blissey;;;;4;Braviary;;;;4;Bruxish;;;;4
Clawitzer;;;;4;Dragonite;;;;4;Drifblim;;;;4;Electivire;;;3;4;Espeon;;;;4
Exploud;;;;4;Flareon;;;;4;Rotom (Frost Rotom);;;3;4;Gastrodon;;;;4;Gengar;;;;4
Glalie;;;;4;Goodra;;;;4;Honchkrow;;;;4;Kangaskhan;;;;4;Klinklang;;;;4
Lanturn;;;;4;Lickilicky;;;3;4;Magnezone;;;;4;Malamar;;;;4;Mandibuzz;;;;4
Metagross;;;;4;Milotic;;;;4;Minior;;;;4;Mismagius;;;;4;Muk;;2;;
Pinsir;;;;4;Porygon-Z;;;;4;Porygon2;;;;4;Pyroar;;;;4;Raichu;;2;;
Rhyperior;;;;4;Sableye;;;;4;Salamence;;;;4;Serperior;;;;4;Sharpedo;;;;4
Shiinotic;;;;4;Skarmory;;;;4;Slaking;;;;4;Snorlax;;;;4;Starmie;;;;4
Tauros;;;;4;Tentacruel;;;;4;Togedemaru;;;;4;Toucannon;;;;4;Toxapex;;;;4
Turtonator;;;;4;Umbreon;;;;4;Ursaring;;;;4;Vaporeon;;;;4;Wailord;;;;4
Walrein;;;;4;Yanmega;;;;4;;;;;;;;;;;;;;;
;;;;;;;;;;;;;;;;;;;;;;;;
66;Luke;;;;;;;;;;;;;;;;;;;;;;;
Golem (Alola Form);;2;;;Ninetales (Alola Form);;2;;;Archeops;;;;4;Aurorus;;;;4;Avalugg;;;;4
Bastiodon;;;;4;Bewear;;;;4;Blissey;;;;4;Braviary;;;;4;Bruxish;;;;4
Clawitzer;;;;4;Dragonite;;;;4;Drifblim;;;;4;Espeon;;;;4;Exploud;;;;4
Flareon;;;;4;Rotom (Frost Rotom);;;3;4;Gastrodon;;;;4;Gengar;;;;4;Glalie;;;;4
Goodra;;;;4;Honchkrow;;;;4;Kangaskhan;;;;4;Klinklang;;;;4;Lanturn;;;;4
Magmortar;;;3;4;Magnezone;;;;4;Malamar;;;;4;Mandibuzz;;;;4;Metagross;;;;4
Milotic;;;;4;Minior;;;;4;Mismagius;;;;4;Muk;;2;;;Pinsir;;;;4
Porygon-Z;;;;4;Porygon2;;;;4;Probopass;;;3;4;Pyroar;;;;4;Raichu;;2;;
Rhyperior;;;;4;Sableye;;;;4;Salamence;;;;4;Serperior;;;;4;Sharpedo;;;;4
Shiinotic;;;;4;Skarmory;;;;4;Slaking;;;;4;Snorlax;;;;4;Starmie;;;;4
Tauros;;;;4;Tentacruel;;;;4;Togedemaru;;;;4;Toucannon;;;;4;Toxapex;;;;4
Turtonator;;;;4;Umbreon;;;;4;Ursaring;;;;4;Vaporeon;;;;4;Wailord;;;;4
Walrein;;;;4;Yanmega;;;;4;;;;;;;;;;;;;;;
;;;;;;;;;;;;;;;;;;;;;;;;
67;Granville,Raz;;;;;;;;;;;;;;;;;;;;;;;
Accelgor;;;3;4;Aerodactyl;;;3;4;Alakazam;;;3;4;Dugtrio (Alola Form);;2;;;Crobat;;;3;4
Dugtrio;;2;;;Electrode;;;3;4;Greninja;;;3;4;Rotom (Heat Rotom);;;;4;Jolteon;;;3;4
Noivern;;;3;4;Ribombee;;;3;4;Sceptile;;;3;4;Talonflame;;;3;4;Weavile;;;3;4
;;;;;;;;;;;;;;;;;;;;;;;;
68;Heidi;;;;;;;;;;;;;;;;;;;;;;;
Aerodactyl;;;;4;Exeggutor (Alola Form);;2;;;Sandslash (Alola Form);;2;;;Araquanid;;;;4;Arcanine;;;;4
Aurorus;;;;4;Avalugg;;;;4;Bastiodon;;;;4;Beartic;;;;4;Bewear;;;;4
Blissey;;;;4;Bruxish;;;;4;Clawitzer;;;;4;Crobat;;;;4;Decidueye;;;;4
Drifblim;;;;4;Electivire;;;3;4;Excadrill;;;;4;Exploud;;;;4;Flygon;;;;4
Gallade;;;;4;Garchomp;;;;4;Gardevoir;;;;4;Glaceon;;;;4;Gliscor;;;;4
Goodra;;;;4;Gyarados;;;;4;Haxorus;;;;4;Hippowdon;;;;4;Hydreigon;;;;4
Jolteon;;;;4;Kangaskhan;;;;4;Kingdra;;;;4;Klinklang;;;;4;Lapras;;;;4
Leafeon;;;;4;Lickilicky;;;3;4;Liepard;;;;4;Lucario;;;;4;Magnezone;;;;4
Malamar;;;;4;Mamoswine;;;;4;Metagross;;;;4;Mienshao;;;;4;Milotic;;;;4
Minior;;;;4;Mismagius;;;;4;Muk;;2;;;Palossand;;;;4;Porygon-Z;;;;4
Porygon2;;;;4;Pyroar;;;;4;Rhyperior;;;;4;Sableye;;;;4;Samurott;;;;4
Skarmory;;;;4;Slaking;;;;4;Snorlax;;;;4;Tauros;;;;4;Togedemaru;;;;4
Toucannon;;;;4;Tyranitar;;;;4;Ursaring;;;;4;Vanilluxe;;;;4;Walrein;;;;4
Rotom (Wash Rotom);;;3;4;Weavile;;;;4;Yanmega;;;;4;;;;;;;;;;
;;;;;;;;;;;;;;;;;;;;;;;;
69;Haley;;;;;;;;;;;;;;;;;;;;;;;
Araquanid;;;;4;Aurorus;;;;4;Avalugg;;;;4;Bastiodon;;;;4;Beedrill;;;;4
Bewear;;;;4;Blaziken;;;;4;Blissey;;;;4;Bruxish;;;;4;Charizard;;;;4
Clawitzer;;;;4;Comfey;;;;4;Decidueye;;;;4;Delphox;;;;4;Dhelmise;;;;4
Drampa;;;;4;Drifblim;;;;4;Empoleon;;;;4;Exploud;;;;4;Feraligatr;;;;4
Florges;;;;4;Gogoat;;;;4;Golisopod;;;;4;Goodra;;;;4;Gourgeist;;;;4
Hawlucha;;;;4;Incineroar;;;;4;Infernape;;;;4;Kangaskhan;;;;4;Klinklang;;;;4
Lurantis;;;;4;Lycanroc (Midnight Form);;2;;;Magmortar;;;3;4;Magnezone;;;;4;Malamar;;;;4
Mamoswine;;;;4;Metagross;;;;4;Milotic;;;;4;Minior;;;;4;Mismagius;;;;4
Mudsdale;;;;4;Muk;;2;;;Noivern;;;;4;Oricorio (Baile Style);1;;;;Porygon-Z;;;;4
Porygon2;;;;4;Primarina;;;;4;Probopass;;;3;4;Pyroar;;;;4;Ribombee;;;;4
Sableye;;;;4;Samurott;;;;4;Sceptile;;;;4;Skarmory;;;;4;Slaking;;;;4
Snorlax;;;;4;Swampert;;;;4;Sylveon;;;;4;Talonflame;;;;4;Tauros;;;;4
Togedemaru;;;;4;Toucannon;;;;4;Typhlosion;;;;4;Ursaring;;;;4;Venusaur;;;;4
Vikavolt;;;;4;Walrein;;;;4;Rotom (Wash Rotom);;;3;4;;;;;;;;;;
;;;;;;;;;;;;;;;;;;;;;;;;
70;Lea,Sylvia;;;;;;;;;;;;;;;;;;;;;;;
Exeggutor (Alola Form);;2;;;Arcanine;;;3;;Blaziken;;;3;4;Chandelure;;;3;4;Charizard;;;3;4
Darmanitan;;;;4;Delphox;;;3;4;Emboar;;;3;4;Exeggutor;;2;;;Rotom (Heat Rotom);;;3;4
Houndoom;;;;4;Incineroar;;;3;4;Infernape;;;3;4;Leafeon;;;3;4;Lilligant;;;3;4
Lurantis;;;;4;Magmortar;;;3;4;Ninetales;1;2;;;Shiftry;;;3;4;Tangrowth;;;3;4
Typhlosion;;;;4;Venusaur;;;3;4;Whimsicott;;;3;4;;;;;;;;;;
;;;;;;;;;;;;;;;;;;;;;;;;
71;Stein,Cadel;;;;;;;;;;;;;;;;;;;;;;;
Araquanid;;;3;4;Aromatisse;;;;4;Audino;;;;4;Avalugg;;;3;4;Bronzong;;;3;4
Carbink;;;3;;Cofagrigus;;;3;;Cresselia;;;;4;Dhelmise;;;3;4;Drampa;;;3;4
Dusknoir;;;;4;Rotom (Frost Rotom);;;3;4;Gastrodon;;;3;4;Jellicent;;;3;;Lickilicky;;;3;4
Oranguru;;;3;;Rhyperior;;;3;4;Shiinotic;;;3;4;Slowbro;;;;4;Slowking;;;;4
Trevenant;;;;4;Turtonator;;;3;4;;;;;;;;;;;;;;;
;;;;;;;;;;;;;;;;;;;;;;;;
72;Boris;;;;;;;;;;;;;;;;;;;;;;;
Aggron;;;3;4;Blastoise;;;3;4;Blaziken;;;3;4;Charizard;;;3;4;Chesnaught;;;3;4
Cobalion;1;2;;;Delphox;;;3;4;Empoleon;;;3;4;Feraligatr;;;3;4;Florges;;;3;4
Gogoat;;;3;4;Greninja;;;3;4;Haxorus;;;3;4;Rotom (Heat Rotom);;;3;4;Heatran;1;2;;
Hydreigon;;;3;4;Infernape;;;3;4;Kingdra;;;3;4;Magmortar;;;3;4;Mamoswine;;;3;4
Noivern;;;3;4;Regigigas;1;2;;;Rhyperior;;;3;4;Sceptile;;;3;4;Slaking;;;3;4
Swampert;;;3;4;Tangrowth;;;3;4;Terrakion;1;2;;;Togekiss;;;3;4;Typhlosion;;;3;4
Tyranitar;;;3;4;Virizion;1;2;;;Volcarona;;;3;4;Walrein;;;3;4;;;;;
;;;;;;;;;;;;;;;;;;;;;;;;
73;Bryson;;;;;;;;;;;;;;;;;;;;;;;
Aggron;;;3;4;Blastoise;;;3;4;Blaziken;;;3;4;Charizard;;;3;4;Chesnaught;;;3;4
Delphox;;;3;4;Empoleon;;;3;4;Feraligatr;;;3;4;Florges;;;3;4;Gogoat;;;3;4
Greninja;;;3;4;Haxorus;;;3;4;Rotom (Heat Rotom);;;3;4;Hydreigon;;;3;4;Infernape;;;3;4
Kingdra;;;3;4;Landorus;1;2;;;Magmortar;;;3;4;Mamoswine;;;3;4;Noivern;;;3;4
Regice;1;2;;;Regirock;1;2;;;Registeel;1;2;;;Rhyperior;;;3;4;Sceptile;;;3;4
Slaking;;;3;4;Swampert;;;3;4;Tangrowth;;;3;4;Thundurus;1;2;;;Togekiss;;;3;4
Tornadus;1;2;;;Typhlosion;;;3;4;Tyranitar;;;3;4;Volcarona;;;3;4;Walrein;;;3;4
;;;;;;;;;;;;;;;;;;;;;;;;
74;Jo;;;;;;;;;;;;;;;;;;;;;;;
Exeggutor (Alola Form);;2;;;Arcanine;;;3;4;Archeops;;;3;4;Articuno;1;2;;;Blissey;;;3;4
Crobat;;;3;4;Decidueye;;;3;4;Dragonite;;;3;4;Exeggutor;;2;;;Garchomp;;;3;4
Golisopod;;;3;4;Goodra;;;3;4;Gyarados;;;3;4;Incineroar;;;3;4;Lapras;;;3;4
Latias;1;2;;;Latios;1;2;;;Magnezone;;;3;4;Metagross;;;3;4;Milotic;;;3;4
Moltres;1;2;;;Rotom (Mow Rotom);;;3;4;Porygon-Z;;;3;4;Primarina;;;3;4;Salamence;;;3;4
Snorlax;;;3;4;Uxie;;;3;4;Vanilluxe;;;3;4;Wishiwashi;;;3;4;Zapdos;1;2;;
;;;;;;;;;;;;;;;;;;;;;;;;
75;Tasanee;;;;;;;;;;;;;;;;;;;;;;;
Exeggutor (Alola Form);;2;;;Arcanine;;;3;4;Archeops;;;3;4;Blissey;;;3;4;Cresselia;1;2;;
Crobat;;;3;4;Decidueye;;;3;4;Dragonite;;;3;4;Entei;1;2;;;Exeggutor;;2;;
Garchomp;;;3;4;Golisopod;;;3;4;Goodra;;;3;4;Gyarados;;;3;4;Incineroar;;;3;4
Lapras;;;3;4;Magnezone;;;3;4;Mesprit;1;2;3;4;Metagross;;;3;4;Milotic;;;3;4
Rotom (Mow Rotom);;;3;4;Porygon-Z;;;3;4;Primarina;;;3;4;Raikou;1;2;;;Salamence;;;3;4
Snorlax;;;3;4;Suicune;1;2;;;Vanilluxe;;;3;4;Wishiwashi;;;3;4;;;;;
;;;;;;;;;;;;;;;;;;;;;;;;
76;Levi;;;;;;;;;;;;;;;;;;;;;;;
Exeggutor (Alola Form);;2;;;Arcanine;;;3;4;Blaziken;;;3;4;Charizard;;;3;4;Delphox;;;3;4
Emboar;;;3;4;Espeon;;;3;4;Exeggutor;;2;;;Incineroar;;;3;4;Infernape;;;3;4
Magmortar;;;3;4;Mamoswine;;;3;4;Metagross;;;3;4;Starmie;;;3;4;Typhlosion;;;3;4
Volcarona;;;3;4;Walrein;;;3;4;Rotom (Wash Rotom);;;3;4;;;;;;;;;;
;;;;;;;;;;;;;;;;;;;;;;;;
77;Hashim;;;;;;;;;;;;;;;;;;;;;;;
Aerodactyl;;;3;4;Aggron;;;3;4;Archeops;;;3;4;Blastoise;;;3;4;Carbink;;;3;4
Empoleon;;;3;4;Rotom (Fan Rotom);;;3;4;Feraligatr;;;3;4;Gigalith;;;3;4;Golisopod;;;3;4
Greninja;;;3;4;Gyarados;;;3;4;Heracross;;;3;4;Kingdra;;;3;4;Kommo-o;1;2;;
Lapras;;;3;4;Milotic;;;3;4;Pinsir;;;3;4;Primarina;;;3;4;Probopass;;;3;4
Samurott;;;3;4;Scizor;;;3;4;Shuckle;;;3;4;Swampert;;;3;4;Vikavolt;;;3;4
Volcarona;;;3;4;Walrein;;;3;4;Wishiwashi;;;3;4;Yanmega;;;3;4;;;;;
;;;;;;;;;;;;;;;;;;;;;;;;
78;Munin;;;;;;;;;;;;;;;;;;;;;;;
Exeggutor (Alola Form);;2;;;Ampharos;;;3;4;Chesnaught;;;3;4;Decidueye;;;3;4;Dragonite;;;3;4
Eelektross;;;3;4;Electivire;;;3;4;Exeggutor;;2;;;Flygon;;;3;4;Garchomp;;;3;4
Gogoat;;;3;4;Goodra;;;3;4;Haxorus;;;3;4;Hydreigon;;;3;4;Jolteon;;;3;4
Kingdra;;;3;4;Leafeon;;;3;4;Magnezone;;;3;4;Meganium;;;3;4;Rotom (Mow Rotom);;;3;4
Noivern;;;3;4;Salamence;;;3;4;Sceptile;;;3;4;Serperior;;;3;4;Tangrowth;;;3;4
Torterra;;;3;4;Tyrantrum;;;3;4;Venusaur;;;3;4;Vikavolt;;;3;4;;;;;
;;;;;;;;;;;;;;;;;;;;;;;;
79;Poppy;;;;;;;;;;;;;;;;;;;;;;;
Aggron;;;3;4;Archeops;;;3;4;Crobat;;;3;4;Dragonite;;;3;4;Empoleon;;;3;4
Greninja;;;3;4;Gyarados;;;3;4;Honchkrow;;;3;4;Hydreigon;;;3;4;Incineroar;;;3;4
Klinklang;;;3;4;Kommo-o;1;2;;;Lucario;;;3;4;Magnezone;;;3;4;Mandibuzz;;;3;4
Metagross;;;3;4;Rotom (Mow Rotom);;;3;4;Noivern;;;3;4;Probopass;;;3;4;Salamence;;;3;4
Togekiss;;;3;4;Tyranitar;;;3;4;Umbreon;;;3;4;Weavile;;;3;4;Zoroark;;;3;4
;;;;;;;;;;;;;;;;;;;;;;;;
80;Tamah;;;;;;;;;;;;;;;;;;;;;;;
Blissey;;;3;4;Rotom (Fan Rotom);;;3;4;Florges;;;3;4;Flygon;;;3;4;Garchomp;;;3;4
Gardevoir;;;3;4;Hippowdon;;;3;4;Lickilicky;;;3;4;Mamoswine;;;3;4;Porygon-Z;;;3;4
Porygon2;;;3;4;Primarina;;;3;4;Rhyperior;;;3;4;Slaking;;;3;4;Snorlax;;;3;4
Swampert;;;3;4;Sylveon;;;3;4;Togekiss;;;3;4;Torterra;;;3;4;;;;;
;;;;;;;;;;;;;;;;;;;;;;;;
81;Bette;;;;;;;;;;;;;;;;;;;;;;;
Muk (Alola Form);;2;;;Blaziken;;;3;4;Chandelure;;;3;4;Chesnaught;;;3;4;Crobat;;;3;4
Decidueye;;;3;4;Dhelmise;;;3;4;Drapion;;;3;4;Dusknoir;;;3;4;Emboar;;;3;4
Gallade;;;3;4;Gengar;;;3;4;Infernape;;;3;4;Lucario;;;3;4;Magmortar;;;3;4
Muk;;2;;;Nidoking;;;3;4;Nidoqueen;;;3;4;Tentacruel;;;3;4;Venusaur;;;3;4
Rotom (Wash Rotom);;;3;4;;;;;;;;;;;;;;;;;;;;
;;;;;;;;;;;;;;;;;;;;;;;;
82;Kikujiro;;;;;;;;;;;;;;;;;;;;;;;
Raichu (Alola Form);;2;;;Ampharos;;;3;4;Electivire;;;3;4;Rotom (Heat Rotom);;;3;4;Jolteon;;;3;4
Manectric;;;3;4;Raichu;;2;;;Raikou;1;2;;;Thundurus;1;2;;;Togedemaru;;2;;
Zapdos;1;2;;;;;;;;;;;;;;;;;;;;;;
;;;;;;;;;;;;;;;;;;;;;;;;
83;Xenophon;;;;;;;;;;;;;;;;;;;;;;;
Exeggutor (Alola Form);;2;;;Breloom;;;3;4;Comfey;;;3;;Dhelmise;;;3;4;Exeggutor;;2;;
Florges;;2;;;Rotom (Mow Rotom);;;3;4;Tsareena;;;3;4;Venusaur;;;3;4;Virizion;1;2;;
Whimsicott;;;3;4;;;;;;;;;;;;;;;;;;;;
;;;;;;;;;;;;;;;;;;;;;;;;
84;Placido;;;;;;;;;;;;;;;;;;;;;;;
Articuno;1;2;;;Azelf;1;2;;;Entei;1;2;;;Heatran;1;2;;;Landorus;1;2;;
Latias;1;2;;;Moltres;1;2;;;Regirock;1;2;;;Registeel;1;2;;;Terrakion;1;2;;
Tornadus;1;2;;;;;;;;;;;;;;;;;;;;;;
;;;;;;;;;;;;;;;;;;;;;;;;
85;Ignacio,Candy;;;;;;;;;;;;;;;;;;;;;;;
Azelf;;;3;4;Cobalion;;;3;4;Kommo-o;;;3;4;Latias;;;3;4;Latios;;;3;4
Raikou;;;3;4;Terrakion;;;3;4;Thundurus;;;3;4;Tornadus;;;3;4;Virizion;;;3;4
;;;;;;;;;;;;;;;;;;;;;;;;
86;Aino;;;;;;;;;;;;;;;;;;;;;;;
Gallade;;;3;4;Gardevoir;;;3;4;Medicham;;;3;4;Metagross;;;3;4;Musharna;;;3;4
Oranguru;;2;;;Slowking;;;3;4;Uxie;1;2;;;Rotom (Wash Rotom);;;3;4;;;;;
;;;;;;;;;;;;;;;;;;;;;;;;
87;Xio;;;;;;;;;;;;;;;;;;;;;;;
Aromatisse;;;3;4;Florges;;2;3;4;Gardevoir;;;3;4;Mawile;;;3;4;Mimikyu;;;3;4
Primarina;;;3;4;Shiinotic;;;3;4;Sylveon;1;;3;4;Togekiss;;;3;4;Whimsicott;;;3;4
;;;;;;;;;;;;;;;;;;;;;;;;
88;Priya;;;;;;;;;;;;;;;;;;;;;;;
Azelf;1;2;;;Cobalion;1;2;;;Cresselia;1;2;;;Latios;1;2;;;Raikou;1;2;;
Regice;1;2;;;Regigigas;1;2;;;Suicune;1;2;;;Thundurus;1;2;;;Virizion;1;2;;
Zapdos;1;2;;;;;;;;;;;;;;;;;;;;;;
;;;;;;;;;;;;;;;;;;;;;;;;
89;Napoleon;;;;;;;;;;;;;;;;;;;;;;;
Articuno;1;2;;;Azelf;1;2;;;Cobalion;1;2;;;Entei;1;2;;;Latias;1;2;;
Latios;1;2;;;Moltres;1;2;;;Raikou;1;2;;;Regice;1;2;;;Regirock;1;2;;
Registeel;1;2;;;Suicune;1;2;;;Terrakion;1;2;;;Thundurus;1;2;;;Tornadus;1;2;;
Virizion;1;2;;;Zapdos;1;2;;;;;;;;;;;;;;;;;
;;;;;;;;;;;;;;;;;;;;;;;;
90;Brady,Gwenny;;;;;;;;;;;;;;;;;;;;;;;
Articuno;1;2;;;Azelf;1;2;;;Cresselia;1;2;;;Heatran;1;2;;;Landorus;1;2;;
Mesprit;1;2;;;Regigigas;1;2;;;Uxie;1;2;;;;;;;;;;;;
;;;;;;;;;;;;;;;;;;;;;;;;
91;Samantha;;;;;;;;;;;;;;;;;;;;;;;
Cobalion;;;3;4;Cresselia;;;3;4;Latios;;;3;4;Raikou;;;3;4;Regice;;;3;4
Regigigas;;;3;4;Suicune;;;3;4;Thundurus;;;3;4;Uxie;;;3;4;Virizion;;;3;4
Zapdos;;;3;4;;;;;;;;;;;;;;;;;;;;
;;;;;;;;;;;;;;;;;;;;;;;;
92;Inez;;;;;;;;;;;;;;;;;;;;;;;
Articuno;1;2;;;Cobalion;1;2;;;Entei;1;2;;;Latias;1;2;;;Latios;1;2;;
Moltres;1;2;;;Raikou;1;2;;;Regice;1;2;;;Regirock;1;2;;;Registeel;1;2;;
Suicune;1;2;;;Terrakion;1;2;;;Thundurus;1;2;;;Tornadus;1;2;;;Uxie;1;2;;
Virizion;1;2;;;Zapdos;1;2;;;;;;;;;;;;;;;;;
;;;;;;;;;;;;;;;;;;;;;;;;
93;Niara,Reina;;;;;;;;;;;;;;;;;;;;;;;
Blastoise;;;3;4;Blaziken;;;3;4;Charizard;;;3;4;Chesnaught;;;3;4;Decidueye;;;3;4
Delphox;;;3;4;Emboar;;;3;4;Empoleon;;;3;4;Feraligatr;;;3;4;Greninja;;;3;4
Incineroar;;;3;4;Infernape;;;3;4;Meganium;;;3;4;Primarina;;;3;4;Samurott;;;3;4
Sceptile;;;3;4;Serperior;;;3;4;Swampert;;;3;4;Torterra;;;3;4;Typhlosion;;;3;4
Venusaur;;;3;4;;;;;;;;;;;;;;;;;;;;
;;;;;;;;;;;;;;;;;;;;;;;;
94;Victor,Naya;;;;;;;;;;;;;;;;;;;;;;;
Azelf;;;3;4;Cresselia;;;3;4;Dragonite;;;3;4;Garchomp;;;3;4;Goodra;;;3;4
Heatran;;;3;4;Hydreigon;;;3;4;Kommo-o;1;2;3;4;Landorus;;;3;4;Latias;;;3;4
Latios;;;3;4;Mesprit;;;3;4;Metagross;;;3;4;Salamence;;;3;4;Tyranitar;;;3;4
Uxie;;;3;4;;;;;;;;;;;;;;;;;;;;
;;;;;;;;;;;;;;;;;;;;;;;;
95;Fernanda;;;;;;;;;;;;;;;;;;;;;;;
Articuno;;;3;4;Entei;;;3;4;Heatran;;;3;4;Landorus;;;3;4;Latias;;;3;4
Moltres;;;3;4;Regirock;;;3;4;Registeel;;;3;4;Terrakion;;;3;4;Tornadus;;;3;4
;;;;;;;;;;;;;;;;;;;;;;;;
96;Vivek,Stellan;;;;;;;;;;;;;;;;;;;;;;;
Aggron;;;3;4;Golem (Alola Form);;2;;;Aromatisse;;;;4;Audino;;;;4;Bronzong;;;;4
Carbink;;;3;;Cofagrigus;;;3;;Cradily;;;3;;Cresselia;;;;4;Dugtrio;;2;;
Dusknoir;;;;4;Excadrill;;;3;;Garchomp;;;;4;Gastrodon;;;3;;Gigalith;;2;3;4
Golem;;2;;;Hippowdon;;2;3;4;Jellicent;;;3;;Landorus;;;3;;Mudsdale;;;;4
Oranguru;;;3;;Probopass;;;3;4;Regirock;1;2;3;4;Rhyperior;;;3;4;Sandslash;;2;;
Shuckle;;;3;4;Slowbro;;;;4;Slowking;;;;4;Steelix;;;;4;Terrakion;1;2;3;4
Trevenant;;;;4;Tyranitar;;2;3;4;;;;;;;;;;;;;;;
;;;;;;;;;;;;;;;;;;;;;;;;
97;Savir;;;;;;;;;;;;;;;;;;;;;;;
Abomasnow;;;3;;Aggron;;;3;4;Alakazam;;;3;4;Raichu (Alola Form);;2;;;Ampharos;;;3;4
Bastiodon;;;3;4;Bisharp;;;3;4;Bronzong;;;3;4;Druddigon;;;3;;Durant;;;3;4
Eelektross;;;3;4;Electivire;;;3;4;Electrode;;;3;4;Escavalier;;;3;4;Excadrill;;;3;4
Ferrothorn;;;3;4;Gallade;;;3;4;Gardevoir;;;3;4;Gothitelle;;;3;4;Klinklang;;;3;4
Lucario;;;3;4;Magnezone;;;3;4;Manectric;;;3;4;Mawile;;;3;4;Medicham;;;3;4
Metagross;;;3;4;Rotom (Mow Rotom);;;3;4;Porygon-Z;;;3;4;Porygon2;;;3;4;Raichu;;2;;
Scizor;;;3;4;Shuckle;;;3;4;Skarmory;;;3;4;Steelix;;;3;4;Vikavolt;;;3;4
;;;;;;;;;;;;;;;;;;;;;;;;
98;Harding;;;;;;;;;;;;;;;;;;;;;;;
Abomasnow;;;3;;Aggron;;;3;4;Alakazam;;;3;4;Raichu (Alola Form);;2;;;Ampharos;;;3;4
Bastiodon;;;3;4;Bisharp;;;3;4;Bronzong;;;3;4;Druddigon;;;3;;Durant;;;3;4
Eelektross;;;3;4;Electivire;;;3;4;Electrode;;;3;4;Escavalier;;;3;4;Excadrill;;;3;4
Ferrothorn;;;3;4;Gallade;;;3;4;Gardevoir;;;3;4;Gothitelle;;;3;4;Klinklang;;;3;4
Lucario;;;3;4;Magnezone;;;3;4;Manectric;;;3;4;Medicham;;;3;4;Metagross;;;3;4
Rotom (Mow Rotom);;;3;4;Porygon-Z;;;3;4;Porygon2;;;3;4;Raichu;;2;;;Scizor;;;3;4
Shuckle;;;3;4;Skarmory;;;3;4;Steelix;;;3;4;Vikavolt;;;3;4;;;;;
;;;;;;;;;;;;;;;;;;;;;;;;
99;Darrel;;;;;;;;;;;;;;;;;;;;;;;
Dugtrio (Alola Form);;2;;;Ninetales (Alola Form);;2;;;Altaria;;;3;4;Ambipom;;;3;4;Aromatisse;;;3;4
Bewear;;;3;4;Blissey;;;3;4;Breloom;;;3;4;Carbink;;;3;4;Comfey;;;3;4
Drifblim;;;3;4;Dugtrio;;2;;;Florges;;;3;4;Froslass;;;3;4;Rotom (Frost Rotom);;;3;4
Gardevoir;;;3;4;Goodra;;;3;4;Komala;;;3;4;Lanturn;;;3;4;Lapras;;;3;4
Lickilicky;;;3;4;Lilligant;;;3;4;Ludicolo;;;3;4;Lurantis;;;3;4;Mawile;;;3;4
Mienshao;;;3;4;Milotic;;;3;4;Mimikyu;;;3;4;Mismagius;;;3;4;Musharna;;;3;4
Ninetales;;2;;;Pelipper;;;3;4;Pidgeot;;;3;;Politoed;;;3;4;Reuniclus;;;3;4
Ribombee;;;3;4;Shiinotic;;;3;4;Snorlax;;;3;4;Sylveon;;;3;4;Togedemaru;;;3;4
Togekiss;;;3;4;Toucannon;;;3;;Tsareena;;;3;4;Vanilluxe;;;3;4;Whimsicott;;;3;4
;;;;;;;;;;;;;;;;;;;;;;;;
100;Jana;;;;;;;;;;;;;;;;;;;;;;;
Dugtrio (Alola Form);;2;;;Ninetales (Alola Form);;2;;;Altaria;;;3;4;Ambipom;;;3;4;Aromatisse;;;3;4
Bewear;;;3;4;Blissey;;;3;4;Breloom;;;3;4;Carbink;;;3;4;Comfey;;;3;4
Drifblim;;;3;4;Dugtrio;;2;;;Florges;;;3;4;Froslass;;;3;4;Rotom (Frost Rotom);;;3;4
Gardevoir;;;3;4;Goodra;;;3;4;Komala;;;3;4;Lanturn;;;3;4;Lapras;;;3;4
Lickilicky;;;3;4;Lilligant;;;3;4;Ludicolo;;;3;4;Lurantis;;;3;4;Mienshao;;;3;4
Milotic;;;3;4;Mimikyu;;;3;4;Mismagius;;;3;4;Musharna;;;3;4;Ninetales;;2;;
Pelipper;;;3;4;Pidgeot;;;3;;Politoed;;;3;4;Reuniclus;;;3;4;Ribombee;;;3;4
Shiinotic;;;3;4;Snorlax;;;3;4;Sylveon;;;3;4;Togedemaru;;;3;4;Togekiss;;;3;4
Toucannon;;;3;;Tsareena;;;3;4;Vanilluxe;;;3;4;Whimsicott;;;3;4;;;;;
;;;;;;;;;;;;;;;;;;;;;;;;
101;Etta,Dustin;;;;;;;;;;;;;;;;;;;;;;;
Arcanine;;;3;4;Rotom (Fan Rotom);;;3;4;Gyarados;;;3;4;Incineroar;;;3;4;Manectric;;;3;
Mawile;;;3;4;Salamence;;;3;4;Scrafty;;;3;4;Staraptor;;;3;4;Tauros;;;3;4
;;;;;;;;;;;;;;;;;;;;;;;;
102;Zed,Edda;;;;;;;;;;;;;;;;;;;;;;;
Absol;;;3;4;Alakazam;;;3;4;Muk (Alola Form);;2;;;Amoonguss;;;3;4;Barbaracle;;;3;4
Beedrill;;;3;4;Bisharp;;;3;4;Crobat;;;3;4;Drapion;;;3;4;Exploud;;;3;4
Gengar;;;3;4;Glalie;;;3;4;Gothitelle;;;3;4;Gyarados;;;3;4;Honchkrow;;;3;4
Houndoom;;;3;4;Hydreigon;;;3;4;Liepard;;;3;4;Malamar;;;3;4;Mandibuzz;;;3;4
Rotom (Mow Rotom);;;3;4;Muk;;2;;;Nidoking;;;3;4;Nidoqueen;;;3;4;Noivern;;;3;4
Sableye;;;3;4;Salazzle;;;3;4;Scrafty;;;3;4;Sharpedo;;;3;4;Shiftry;;;3;4
Slaking;;;3;4;Spiritomb;;;3;4;Tentacruel;;;3;4;Toxapex;;;3;4;Toxicroak;;;3;4
Tyranitar;;;3;4;Umbreon;;;3;4;Weavile;;;3;4;Weezing;;;3;4;Zoroark;;;3;4
;;;;;;;;;;;;;;;;;;;;;;;;
103;Leena,Buddy;;;;;;;;;;;;;;;;;;;;;;;
Accelgor;;;3;4;Aerodactyl;;;3;4;Crobat;;;3;4;Electrode;;;3;4;Greninja;;;3;4
Jolteon;;;3;4;Noivern;;;3;4;Ribombee;;;3;4;Talonflame;;;3;4;Weavile;;;3;4
;;;;;;;;;;;;;;;;;;;;;;;;
104;Hilario,Thamina;;;;;;;;;;;;;;;;;;;;;;;
Alakazam;;;3;4;Dugtrio (Alola Form);;2;;;Ambipom;;;3;4;Dugtrio;;2;;;Greninja;;;3;4
Hawlucha;;;3;4;Lycanroc (Midnight Form);;2;;;Lycanroc (Midday Form);;2;;;Raikou;1;2;3;4;Salazzle;;;3;4
Sceptile;;;3;4;Serperior;;;3;4;Starmie;;;3;4;Whimsicott;;;3;4;;;;;
;;;;;;;;;;;;;;;;;;;;;;;;
105;Dolly,Joaquin;;;;;;;;;;;;;;;;;;;;;;;
Armaldo;;;3;4;Beartic;;;3;4;Bruxish;;;3;;Carracosta;;;3;4;Electrode;;;;4
Goodra;;;3;;Jolteon;;;3;;Kingdra;;;3;4;Ludicolo;;;3;4;Magmortar;;;3;4
Pelipper;;2;3;4;Politoed;;2;3;4;Suicune;1;2;3;4;Swampert;;;3;;Tentacruel;;;;4
Tornadus;;;;4;Rotom (Wash Rotom);;;3;4;Zapdos;;;3;;;;;;;;;;;
;;;;;;;;;;;;;;;;;;;;;;;;
106;Erix,Marianne;;;;;;;;;;;;;;;;;;;;;;;
Exeggutor (Alola Form);;2;;;Arcanine;;;3;;Charizard;;;3;;Darmanitan;;;3;4;Delphox;;;3;
Exeggutor;;2;;;Rotom (Heat Rotom);;;3;4;Heatran;1;2;3;;Houndoom;;;;4;Leafeon;;;3;4
Lilligant;;;3;4;Lurantis;;;;4;Moltres;1;2;3;4;Ninetales;1;2;;;Shiftry;;;3;4
Tangrowth;;;3;4;Venusaur;;;3;4;Whimsicott;;;3;4;;;;;;;;;;
;;;;;;;;;;;;;;;;;;;;;;;;
107;Alice,Chen;;;;;;;;;;;;;;;;;;;;;;;
Archeops;;;3;4;Conkeldurr;;;3;4;Darmanitan;;;3;4;Haxorus;;;3;4;Rampardos;;;3;4
Regigigas;1;2;3;4;Rhyperior;;;3;4;Slaking;;;3;4;;;;;;;;;;
;;;;;;;;;;;;;;;;;;;;;;;;
108;Christian,Ezra;;;;;;;;;;;;;;;;;;;;;;;
Alakazam;;;3;4;Chandelure;;;3;4;Drampa;;;3;4;Espeon;;;3;4;Gengar;;;3;4
Glaceon;;;3;4;Heatran;1;2;3;4;Latios;1;2;3;4;Magnezone;;;3;4;Porygon-Z;;;3;4
Vikavolt;;;3;4;Volcarona;;;3;4;;;;;;;;;;;;;;;
;;;;;;;;;;;;;;;;;;;;;;;;
109;Sika,Paulo;;;;;;;;;;;;;;;;;;;;;;;
Aggron;;;3;4;Golem (Alola Form);;2;;;Muk (Alola Form);;2;;;Amoonguss;;;3;4;Beedrill;;;3;4
Bruxish;;;3;4;Carbink;;;3;4;Clawitzer;;;3;4;Crabominable;;;3;4;Crobat;;;3;4
Dhelmise;;;3;4;Drapion;;;3;4;Eelektross;;;3;4;Electrode;;;3;4;Gastrodon;;;3;4
Gengar;;;3;4;Gigalith;;;3;4;Golem;;2;;;Goodra;;;3;4;Hippowdon;;;3;4
Kingdra;;;3;4;Mimikyu;;;3;4;Minior;;;3;4;Rotom (Mow Rotom);;;3;4;Muk;;2;;
Palossand;;;3;4;Politoed;;;3;4;Probopass;;;3;4;Salazzle;;;3;4;Shuckle;;;3;4
Snorlax;;;3;4;Starmie;;;3;4;Steelix;;;3;4;Tentacruel;;;3;4;Toxapex;;;3;4
Toxicroak;;;3;4;Trevenant;;;3;4;Turtonator;;;3;4;Vanilluxe;;;3;4;Vaporeon;;;3;4
Weezing;;;3;4;;;;;;;;;;;;;;;;;;;;
;;;;;;;;;;;;;;;;;;;;;;;;
110;Dan,Omar;;;;;;;;;;;;;;;;;;;;;;;
Aggron;;;3;4;Dugtrio (Alola Form);;2;;;Golem (Alola Form);;2;;;Raichu (Alola Form);;2;;;Sandslash (Alola Form);;2;;
Ampharos;;;3;4;Armaldo;;;3;4;Aurorus;;;3;4;Barbaracle;;;3;4;Bastiodon;;;3;4
Carracosta;;;3;4;Conkeldurr;;;3;4;Cradily;;;3;4;Dugtrio;;2;;;Eelektross;;;3;4
Electivire;;;3;4;Electrode;;;3;4;Excadrill;;;3;4;Ferrothorn;;;3;4;Flygon;;;3;4
Rotom (Frost Rotom);;;3;4;Gastrodon;;;3;4;Gliscor;;;3;4;Golem;;2;;;Golurk;;;3;4
Hippowdon;;;3;4;Jolteon;;;3;4;Klinklang;;;3;4;Lanturn;;;3;4;Machamp;;;3;4
Magnezone;;;3;4;Mamoswine;;;3;4;Manectric;;;3;4;Mienshao;;;3;4;Mudsdale;;;3;4
Nidoking;;;3;4;Nidoqueen;;;3;4;Palossand;;;3;4;Raichu;;2;;;Rampardos;;;3;4
Rhyperior;;;3;4;Sandslash;;2;;;Steelix;;;3;4;Togedemaru;;;3;4;Vikavolt;;;3;4
;;;;;;;;;;;;;;;;;;;;;;;;
111;Mechabob,Abel;;;;;;;;;;;;;;;;;;;;;;;
Cobalion;1;2;3;4;Electivire;;;3;4;Entei;1;2;3;4;Landorus;1;2;3;4;Raikou;1;2;3;4
Regice;1;2;3;4;Regigigas;1;2;3;4;Regirock;1;2;3;4;Registeel;1;2;3;4;Suicune;1;2;3;4
Terrakion;1;2;3;4;Thundurus;1;2;3;4;Tornadus;1;2;3;4;Virizion;1;2;3;4;;;;;
;;;;;;;;;;;;;;;;;;;;;;;;
112;Donny,Gracie;;;;;;;;;;;;;;;;;;;;;;;
Articuno;1;2;3;4;Azelf;1;2;3;4;Cresselia;1;2;3;4;Heatran;1;2;3;4;Kommo-o;1;2;3;4
Latias;1;2;3;4;Latios;1;2;3;4;Mesprit;1;2;3;4;Moltres;1;2;3;4;Uxie;1;2;3;4
Zapdos;1;2;3;4;;;;;;;;;;;;;;;;;;;;
;;;;;;;;;;;;;;;;;;;;;;;;
113;Donna,Gilroy;;;;;;;;;;;;;;;;;;;;;;;
Alakazam;;;3;4;Ambipom;;;3;4;Barbaracle;;;3;4;Bastiodon;;;3;4;Beartic;;;3;4
Bewear;;;3;4;Bisharp;;;3;4;Bouffalant;;;3;4;Breloom;;;3;4;Conkeldurr;;;3;4
Dusknoir;;;3;4;Excadrill;;;3;4;Rotom (Fan Rotom);;;3;4;Gallade;;;3;4;Gardevoir;;;3;4
Gogoat;;;3;4;Golisopod;;;3;4;Hariyama;;;3;4;Hawlucha;;;3;4;Heracross;;;3;4
Lapras;;;3;4;Lickilicky;;;3;4;Lopunny;;;3;4;Lucario;;;3;4;Ludicolo;;;3;4
Machamp;;;3;4;Mamoswine;;;3;4;Medicham;;;3;4;Mudsdale;;;3;4;Passimian;;;3;4
Pelipper;;;3;4;Sawk;;;3;4;Scizor;;;3;4;Scrafty;;;3;4;Shiftry;;;3;4
Tauros;;;3;4;Throh;;;3;4;Toxicroak;;;3;4;Ursaring;;;3;4;Zoroark;;;3;4
;;;;;;;;;;;;;;;;;;;;;;;;
114;Patrick;;;;;;;;;;;;;;;;;;;;;;;
Ninetales (Alola Form);;2;;;Charizard;;;3;4;Comfey;;;3;4;Entei;1;2;3;4;Flygon;;;3;4
Ninetales;;2;;;Regigigas;1;2;3;4;Salamence;;;3;4;Slaking;;;3;4;Staraptor;;;3;4
Tentacruel;;;3;4;Typhlosion;;;3;4;Volcarona;;;3;4;Zapdos;1;2;3;4;;;;;
;;;;;;;;;;;;;;;;;;;;;;;;
115;Moe,Bruce;;;;;;;;;;;;;;;;;;;;;;;
Espeon;;;3;4;Flareon;;;3;4;Glaceon;;;3;4;Jolteon;;;3;4;Leafeon;;;3;4
Umbreon;;;3;4;Vaporeon;;;3;4;;;;;;;;;;;;;;;
;;;;;;;;;;;;;;;;;;;;;;;;
116;Susanna;;;;;;;;;;;;;;;;;;;;;;;
Ninetales (Alola Form);;2;;;Charizard;;;3;4;Entei;1;2;3;4;Flygon;;;3;4;Ninetales;;2;;
Regigigas;1;2;3;4;Salamence;;;3;4;Slaking;;;3;4;Staraptor;;;3;4;Tentacruel;;;3;4
Typhlosion;;;3;4;Volcarona;;;3;4;Zapdos;1;2;3;4;;;;;;;;;;
;;;;;;;;;;;;;;;;;;;;;;;;
117;Lori,Colby;;;;;;;;;;;;;;;;;;;;;;;
Amoonguss;;;3;4;Aromatisse;;;3;4;Avalugg;;;3;4;Bastiodon;;;3;4;Cofagrigus;;;3;4
Escavalier;;;3;4;Ferrothorn;;;3;4;Gigalith;;;3;4;Musharna;;;3;4;Reuniclus;;;3;4
Shiinotic;;;3;4;Shuckle;;;3;4;Slowbro;;;3;4;Slowking;;;3;4;Snorlax;;;3;4
Steelix;;;3;4;;;;;;;;;;;;;;;;;;;;
;;;;;;;;;;;;;;;;;;;;;;;;
118;Danby,Izel;;;;;;;;;;;;;;;;;;;;;;;
Bronzong;;;3;4;Camerupt;;;3;4;Carracosta;;;3;4;Dhelmise;;;3;4;Drampa;;;3;4
Gastrodon;;;3;4;Golisopod;;;3;4;Mudsdale;;;3;4;Palossand;;;3;4;Rhyperior;;;3;4
Spiritomb;;;3;4;Toxapex;;;3;4;Turtonator;;;3;4;Vespiquen;;;3;4;Wishiwashi;;;3;4
;;;;;;;;;;;;;;;;;;;;;;;;
119;Presta,Calder;;;;;;;;;;;;;;;;;;;;;;;
Aerodactyl;;;3;4;Ninetales (Alola Form);;2;;;Araquanid;;;3;4;Archeops;;;3;4;Barbaracle;;;3;4
Bruxish;;;3;4;Carracosta;;;3;4;Clawitzer;;;3;4;Conkeldurr;;;3;4;Flareon;;;3;4
Gastrodon;;;3;4;Golisopod;;;3;4;Goodra;;;3;4;Gyarados;;;3;4;Hippowdon;;;3;4
Jellicent;;;3;4;Kingdra;;;3;4;Lanturn;;;3;4;Lapras;;;3;4;Ludicolo;;;3;4
Lycanroc (Midnight Form);;2;;;Lycanroc (Midday Form);;2;;;Machamp;;;3;4;Milotic;;;3;4;Ninetales;;2;;
Palossand;;;3;4;Pelipper;;;3;4;Politoed;;;3;4;Pyroar;;;3;4;Salamence;;;3;4
Salazzle;;;3;4;Sharpedo;;;3;4;Slowbro;;;3;4;Slowking;;;3;4;Starmie;;;3;4
Tentacruel;;;3;4;Toxapex;;;3;4;Vaporeon;;;3;4;Wailord;;;3;4;Walrein;;;3;4
Rotom (Wash Rotom);;;3;4;Wishiwashi;;;3;4;;;;;;;;;;;;;;;
;;;;;;;;;;;;;;;;;;;;;;;;
120;Larry,Tony;;;;;;;;;;;;;;;;;;;;;;;
Exeggutor (Alola Form);;2;;;Marowak (Alola Form);;2;;;Ninetales (Alola Form);;2;;;Amoonguss;;;3;4;Aromatisse;;;3;4
Bisharp;;;3;4;Breloom;;;3;4;Bruxish;;;3;4;Camerupt;;;3;4;Chandelure;;;3;4
Clawitzer;;;3;4;Crabominable;;;3;4;Darmanitan;;;3;4;Eelektross;;;3;4;Exeggutor;;2;;
Flareon;;;3;4;Flygon;;;3;4;Froslass;;;3;4;Glaceon;;;3;4;Glalie;;;3;4
Gourgeist;;;3;4;Gyarados;;;3;4;Hariyama;;;3;4;Rotom (Heat Rotom);;;3;4;Houndoom;;;3;4
Lanturn;;;3;4;Magmortar;;;3;4;Malamar;;;3;4;Marowak;;2;;;Ninetales;;2;;
Pyroar;;;3;4;Ribombee;;;3;4;Sharpedo;;;3;4;Shiinotic;;;3;4;Talonflame;;;3;4
Tangrowth;;;3;4;Turtonator;;;3;4;Vanilluxe;;;3;4;Vespiquen;;;3;4;Wishiwashi;;;3;4
;;;;;;;;;;;;;;;;;;;;;;;;
121;Sam,Dennis;;;;;;;;;;;;;;;;;;;;;;;
Aerodactyl;;;3;4;Archeops;;;3;4;Armaldo;;;3;4;Aurorus;;;3;4;Barbaracle;;;3;4
Bastiodon;;;3;4;Blissey;;;3;4;Carracosta;;;3;4;Cradily;;;3;4;Dragonite;;;3;4
Drampa;;;3;4;Eelektross;;;3;4;Garchomp;;;3;4;Haxorus;;;3;4;Hydreigon;;;3;4
Kangaskhan;;;3;4;Lickilicky;;;3;4;Magmortar;;;3;4;Metagross;;;3;4;Milotic;;;3;4
Nidoking;;;3;4;Nidoqueen;;;3;4;Pinsir;;;3;4;Porygon-Z;;;3;4;Porygon2;;;3;4
Rampardos;;;3;4;Salamence;;;3;4;Scizor;;;3;4;Skarmory;;;3;4;Snorlax;;;3;4
Spiritomb;;;3;4;Tauros;;;3;4;Togekiss;;;3;4;Tyranitar;;;3;4;Tyrantrum;;;3;4
Volcarona;;;3;4;;;;;;;;;;;;;;;;;;;;
;;;;;;;;;;;;;;;;;;;;;;;;
122;Horace;;;;;;;;;;;;;;;;;;;;;;;
Azelf;1;2;3;4;Kommo-o;1;2;3;4;Mesprit;1;2;3;4;Regice;1;2;3;4;Regirock;1;2;3;4
Registeel;1;2;3;4;Uxie;1;2;3;4;;;;;;;;;;;;;;;
;;;;;;;;;;;;;;;;;;;;;;;;
123;Perri;;;;;;;;;;;;;;;;;;;;;;;
Aromatisse;;2;3;4;Audino;;2;3;4;Bewear;;2;3;4;Blissey;;2;3;4;Florges;;2;3;4
Gardevoir;;2;3;4;Lilligant;;2;3;4;Musharna;;2;3;4;Oricorio (Pa'u Style);1;;;;Slowbro;;2;3;4
Slowking;;2;3;4;Sylveon;;2;3;4;Togedemaru;;2;3;4;Togekiss;;2;3;4;;;;;
;;;;;;;;;;;;;;;;;;;;;;;;
124;Dooley;;;;;;;;;;;;;;;;;;;;;;;
Articuno;;;3;4;Charizard;;;3;4;Cresselia;;;3;4;Dragonite;;;3;4;Entei;;;3;4
Garchomp;;;3;4;Heatran;;;3;4;Kangaskhan;;;3;4;Kommo-o;;;3;4;Landorus;;;3;4
Latios;;;3;4;Mawile;;;3;4;Metagross;;;3;4;Raikou;;;3;4;Salamence;;;3;4
Suicune;;;3;4;Sylveon;;;3;4;Terrakion;;;3;4;Thundurus;;;3;4;Tornadus;;;3;4
Tyranitar;;;3;4;Rotom (Wash Rotom);;;3;4;Zapdos;;;3;4;;;;;;;;;;
;;;;;;;;;;;;;;;;;;;;;;;;
125;Demiathena;;;;;;;;;;;;;;;;;;;;;;;
Azelf;;;3;4;Cresselia;;;3;4;Latias;;;3;4;Latios;;;3;4;Mesprit;;;3;4
Raikou;;;3;4;Suicune;;;3;4;Thundurus;;;3;4;Uxie;;;3;4;Virizion;;;3;4
Zapdos;;;3;4;;;;;;;;;;;;;;;;;;;;
;;;;;;;;;;;;;;;;;;;;;;;;
126;Red (Super);;;;;;;;;;;;;;;;;;;;;;;
Blastoise;;;3;4;Charizard;;;3;4;Lapras;;;3;4;Snorlax;;;3;4;Venusaur;;;3;4
;;;;;;;;;;;;;;;;;;;;;;;;
127;Blue (Super);;;;;;;;;;;;;;;;;;;;;;;
Aerodactyl;;;3;4;Alakazam;;;3;4;Arcanine;;;3;4;Exeggutor;;2;;;Gyarados;;;3;4
Machamp;;;3;4;Pidgeot;;;3;4;Rhyperior;;;3;4;Tyranitar;;;3;4;;;;;
;;;;;;;;;;;;;;;;;;;;;;;;
128;Grimsley;;;;;;;;;;;;;;;;;;;;;;;
Absol;;;3;4;Bisharp;;;3;4;Drapion;;;3;4;Honchkrow;;;3;;Houndoom;;;3;4
Liepard;;;3;4;Scrafty;;;3;4;Sharpedo;;;3;4;Tyranitar;;;3;4;;;;;
;;;;;;;;;;;;;;;;;;;;;;;;
129;Anabel;;;;;;;;;;;;;;;;;;;;;;;
Alakazam;;;3;4;Entei;1;2;3;4;Latios;1;2;3;4;Lucario;;;3;4;Raikou;1;2;3;4
Snorlax;;;3;4;;;;;;;;;;;;;;;;;;;;
;;;;;;;;;;;;;;;;;;;;;;;;
130;Wally;;;;;;;;;;;;;;;;;;;;;;;
Altaria;;;3;4;Gallade;;;3;4;Garchomp;;;3;4;Magnezone;;;3;4;;;;;
;;;;;;;;;;;;;;;;;;;;;;;;
131;Colress;;;;;;;;;;;;;;;;;;;;;;;
Muk (Alola Form);1;2;;;Electrode;;;3;4;Klinklang;;;3;4;Magnezone;;;3;4;Metagross;;;3;4
Porygon-Z;;;3;4;Porygon2;;;3;4;;;;;;;;;;;;;;;
;;;;;;;;;;;;;;;;;;;;;;;;
132;Cynthia;;;;;;;;;;;;;;;;;;;;;;;
Garchomp;;;3;4;Lucario;;;3;4;Milotic;;;3;4;Spiritomb;;;3;4;Togekiss;;;3;4
;;;;;;;;;;;;;;;;;;;;;;;;
133;Plumeria;;;;;;;;;;;;;;;;;;;;;;;
Crobat;;;3;4;Gengar;;;3;4;Lurantis;;;3;4;Salazzle;;;3;4;Toxapex;;;3;4
;;;;;;;;;;;;;;;;;;;;;;;;
134;Guzma;;;;;;;;;;;;;;;;;;;;;;;
Bisharp;;;3;4;Golisopod;;;3;4;Honchkrow;;;3;4;Liepard;;;3;4;Pinsir;;;3;4
Toxapex;;;3;4;Toxicroak;;;3;4;;;;;;;;;;;;;;;
;;;;;;;;;;;;;;;;;;;;;;;;
135;Kiawe;;;;;;;;;;;;;;;;;;;;;;;
Marowak (Alola Form);;2;;;Arcanine;;;3;4;Kangaskhan;;;3;4;Salazzle;;;3;4;Talonflame;;;3;4
;;;;;;;;;;;;;;;;;;;;;;;;
136;Mallow;;;;;;;;;;;;;;;;;;;;;;;
Comfey;;;3;4;Lurantis;;;3;4;Sceptile;;;3;4;Talonflame;;;3;4;Toucannon;;;3;4
Trevenant;;;3;4;Tsareena;;;3;4;;;;;;;;;;;;;;;
;;;;;;;;;;;;;;;;;;;;;;;;
137;Sina;;;;;;;;;;;;;;;;;;;;;;;
Abomasnow;;;3;4;Sandslash (Alola Form);;2;;;Drampa;;;3;4;Glaceon;;;3;4;Lilligant;;;3;4
Mandibuzz;;;3;4;Oranguru;;;3;4;;;;;;;;;;;;;;;
;;;;;;;;;;;;;;;;;;;;;;;;
138;Dexio;;;;;;;;;;;;;;;;;;;;;;;
Ninetales (Alola Form);;2;;;Braviary;;;3;4;Espeon;;;3;4;Passimian;;;3;4;Slowbro;;;3;4
Turtonator;;;3;4;Whimsicott;;;3;4;;;;;;;;;;;;;;;
;;;;;;;;;;;;;;;;;;;;;;;;
139;Red;;;;;;;;;;;;;;;;;;;;;;;
Blastoise;1;2;;;Charizard;1;2;;;Lapras;1;2;;;Snorlax;1;2;;;Venusaur;1;2;;
;;;;;;;;;;;;;;;;;;;;;;;;
140;Blue;;;;;;;;;;;;;;;;;;;;;;;
Aerodactyl;1;2;;;Alakazam;1;2;;;Arcanine;1;2;;;Exeggutor;1;;;;Gyarados;1;2;;
Machamp;1;2;;;Pidgeot;1;2;;;Rhyperior;1;2;;;Tyranitar;1;2;;;;;;;