Lookup;ID;y;x;subid;Ndex
Bulbasaur;0;0;0;1;1
Ivysaur;1;0;1;2;2
Venusaur;2;0;2;3;3
Venusaur (Mega Venusaur);3;0;3;804;3
Charmander;4;0;4;4;4
Charmeleon;5;0;5;5;5
Charizard;6;0;6;6;6
Charizard (Mega Charizard X);7;0;7;805;6
Charizard (Mega Charizard Y);8;0;8;806;6
Squirtle;9;0;9;7;7
Wartortle;10;0;10;8;8
Blastoise;11;0;11;9;9
Blastoise (Mega Blastoise);12;0;12;807;9
Caterpie;13;0;13;10;10
Metapod;14;0;14;11;11
Butterfree;15;0;15;12;12
Weedle;16;0;16;13;13
Kakuna;17;0;17;14;14
Beedrill;18;0;18;15;15
Beedrill (Mega Beedrill);19;0;19;808;15
Pidgey;20;0;20;16;16
Pidgeotto;21;0;21;17;17
Pidgeot;22;0;22;18;18
Pidgeot (Mega Pidgeot);23;0;23;809;18
Rattata;24;0;24;19;19
Rattata (Alola Form);25;0;25;810;19
Raticate;26;0;26;20;20
Raticate (Alola Form);27;0;27;811;20
Spearow;28;0;28;21;21
Fearow;29;0;29;22;22
Ekans;30;0;30;23;23
Arbok;31;0;31;24;24
Pikachu;32;1;0;25;25
Pikachu (Original Cap);33;1;1;813;25
Pikachu Belle;34;1;2;1063;25
Pikachu, Ph. D.;35;1;3;1064;25
Pikachu Rock Star;36;1;4;1065;25
Pikachu Cosplay;37;1;5;1066;25
Pikachu Pop Star;38;1;6;1067;25
Pikachu (Hoenn Cap);39;1;7;814;25
Pikachu (Sinnoh Cap);40;1;8;815;25
Pikachu (Unova Cap);41;1;9;816;25
Pikachu (Kalos Cap);42;1;10;817;25
Pikachu Libre;43;1;11;1068;25
Pikachu (Alola Cap);44;1;12;818;25
Raichu;45;1;13;26;26
Raichu (Alola Form);46;1;14;819;26
Sandshrew;47;1;15;27;27
Sandshrew (Alola Form);48;1;16;820;27
Sandslash;49;1;17;28;28
Sandslash (Alola Form);50;1;18;821;28
Nidoran♀;51;1;19;29;29
Nidorina;52;1;20;30;30
Nidoqueen;53;1;21;31;31
Nidoran♂;54;1;22;32;32
Nidorino;55;1;23;33;33
Nidoking;56;1;24;34;34
Clefairy;57;1;25;35;35
Clefable;58;1;26;36;36
Vulpix;59;1;27;37;37
Vulpix (Alola Form);60;1;28;822;37
Ninetales;61;1;29;38;38
Ninetales (Alola Form);62;1;30;823;38
Jigglypuff;63;1;31;39;39
Wigglytuff;64;2;0;40;40
Zubat;65;2;1;41;41
Golbat;66;2;2;42;42
Oddish;67;2;3;43;43
Gloom;68;2;4;44;44
Vileplume;69;2;5;45;45
Paras;70;2;6;46;46
Parasect;71;2;7;47;47
Venonat;72;2;8;48;48
Venomoth;73;2;9;49;49
Diglett;74;2;10;50;50
Diglett (Alola Form);75;2;11;824;50
Dugtrio;76;2;12;51;51
Dugtrio (Alola Form);77;2;13;825;51
Meowth;78;2;14;52;52
Meowth (Alola Form);79;2;15;826;52
Persian;80;2;16;53;53
Persian (Alola Form);81;2;17;827;53
Psyduck;82;2;18;54;54
Golduck;83;2;19;55;55
Mankey;84;2;20;56;56
Primeape;85;2;21;57;57
Growlithe;86;2;22;58;58
Arcanine;87;2;23;59;59
Poliwag;88;2;24;60;60
Poliwhirl;89;2;25;61;61
Poliwrath;90;2;26;62;62
Abra;91;2;27;63;63
Kadabra;92;2;28;64;64
Alakazam;93;2;29;65;65
Alakazam (Mega Alakazam);94;2;30;828;65
Machop;95;2;31;66;66
Machoke;96;3;0;67;67
Machamp;97;3;1;68;68
Bellsprout;98;3;2;69;69
Weepinbell;99;3;3;70;70
Victreebel;100;3;4;71;71
Tentacool;101;3;5;72;72
Tentacruel;102;3;6;73;73
Geodude;103;3;7;74;74
Geodude (Alola Form);104;3;8;829;74
Graveler;105;3;9;75;75
Graveler (Alola Form);106;3;10;830;75
Golem;107;3;11;76;76
Golem (Alola Form);108;3;12;831;76
Ponyta;109;3;13;77;77
Rapidash;110;3;14;78;78
Slowpoke;111;3;15;79;79
Slowbro;112;3;16;80;80
Slowbro (Mega Slowbro);113;3;17;832;80
Magnemite;114;3;18;81;81
Magneton;115;3;19;82;82
Farfetch'd;116;3;20;83;83
Doduo;117;3;21;84;84
Dodrio;118;3;22;85;85
Seel;119;3;23;86;86
Dewgong;120;3;24;87;87
Grimer;121;3;25;88;88
Grimer (Alola Form);122;3;26;833;88
Muk;123;3;27;89;89
Muk (Alola Form);124;3;28;834;89
Shellder;125;3;29;90;90
Cloyster;126;3;30;91;91
Gastly;127;3;31;92;92
Haunter;128;4;0;93;93
Gengar;129;4;1;94;94
Gengar (Mega Gengar);130;4;2;835;94
Onix;131;4;3;95;95
Drowzee;132;4;4;96;96
Hypno;133;4;5;97;97
Krabby;134;4;6;98;98
Kingler;135;4;7;99;99
Voltorb;136;4;8;100;100
Electrode;137;4;9;101;101
Exeggcute;138;4;10;102;102
Exeggutor;139;4;11;103;103
Exeggutor (Alola Form);140;4;12;836;103
Cubone;141;4;13;104;104
Marowak;142;4;14;105;105
Marowak (Alola Form);143;4;15;837;105
Hitmonlee;144;4;16;106;106
Hitmonchan;145;4;17;107;107
Lickitung;146;4;18;108;108
Koffing;147;4;19;109;109
Weezing;148;4;20;110;110
Rhyhorn;149;4;21;111;111
Rhydon;150;4;22;112;112
Chansey;151;4;23;113;113
Tangela;152;4;24;114;114
Kangaskhan;153;4;25;115;115
Kangaskhan (Mega Kangaskhan);154;4;26;838;115
Horsea;155;4;27;116;116
Seadra;156;4;28;117;117
Goldeen;157;4;29;118;118
Seaking;158;4;30;119;119
Staryu;159;4;31;120;120
Starmie;160;5;0;121;121
Mr. Mime;161;5;1;122;122
Scyther;162;5;2;123;123
Jynx;163;5;3;124;124
Electabuzz;164;5;4;125;125
Magmar;165;5;5;126;126
Pinsir;166;5;6;127;127
Pinsir (Mega Pinsir);167;5;7;839;127
Tauros;168;5;8;128;128
Magikarp;169;5;9;129;129
Gyarados;170;5;10;130;130
Gyarados (Mega Gyarados);171;5;11;840;130
Lapras;172;5;12;131;131
Ditto;173;5;13;132;132
Eevee;174;5;14;133;133
Vaporeon;175;5;15;134;134
Jolteon;176;5;16;135;135
Flareon;177;5;17;136;136
Porygon;178;5;18;137;137
Omanyte;179;5;19;138;138
Omastar;180;5;20;139;139
Kabuto;181;5;21;140;140
Kabutops;182;5;22;141;141
Aerodactyl;183;5;23;142;142
Aerodactyl (Mega Aerodactyl);184;5;24;841;142
Snorlax;185;5;25;143;143
Articuno;186;5;26;144;144
Zapdos;187;5;27;145;145
Moltres;188;5;28;146;146
Dratini;189;5;29;147;147
Dragonair;190;5;30;148;148
Dragonite;191;5;31;149;149
Mewtwo;192;6;0;150;150
Mewtwo (Mega Mewtwo X);193;6;1;842;150
Mewtwo (Mega Mewtwo Y);194;6;2;843;150
Mew;195;6;3;151;151
Chikorita;196;6;4;152;152
Bayleef;197;6;5;153;153
Meganium;198;6;6;154;154
Cyndaquil;199;6;7;155;155
Quilava;200;6;8;156;156
Typhlosion;201;6;9;157;157
Totodile;202;6;10;158;158
Croconaw;203;6;11;159;159
Feraligatr;204;6;12;160;160
Sentret;205;6;13;161;161
Furret;206;6;14;162;162
Hoothoot;207;6;15;163;163
Noctowl;208;6;16;164;164
Ledyba;209;6;17;165;165
Ledian;210;6;18;166;166
Spinarak;211;6;19;167;167
Ariados;212;6;20;168;168
Crobat;213;6;21;169;169
Chinchou;214;6;22;170;170
Lanturn;215;6;23;171;171
Pichu;216;6;24;172;172
Pichu Spiked-Ear;217;6;25;2069;172
Cleffa;218;6;26;173;173
Igglybuff;219;6;27;174;174
Togepi;220;6;28;175;175
Togetic;221;6;29;176;176
Natu;222;6;30;177;177
Xatu;223;6;31;178;178
Mareep;224;7;0;179;179
Flaaffy;225;7;1;180;180
Ampharos;226;7;2;181;181
Ampharos (Mega Ampharos);227;7;3;844;181
Bellossom;228;7;4;182;182
Marill;229;7;5;183;183
Azumarill;230;7;6;184;184
Sudowoodo;231;7;7;185;185
Politoed;232;7;8;186;186
Hoppip;233;7;9;187;187
Skiploom;234;7;10;188;188
Jumpluff;235;7;11;189;189
Aipom;236;7;12;190;190
Sunkern;237;7;13;191;191
Sunflora;238;7;14;192;192
Yanma;239;7;15;193;193
Wooper;240;7;16;194;194
Quagsire;241;7;17;195;195
Espeon;242;7;18;196;196
Umbreon;243;7;19;197;197
Murkrow;244;7;20;198;198
Slowking;245;7;21;199;199
Misdreavus;246;7;22;200;200
Unown;247;7;23;201;201
Unown;248;7;24;845;201
Unown;249;7;25;846;201
Unown;250;7;26;847;201
Unown;251;7;27;848;201
Unown;252;7;28;849;201
Unown;253;7;29;850;201
Unown;254;7;30;851;201
Unown;255;7;31;852;201
Unown;256;8;0;853;201
Unown;257;8;1;854;201
Unown;258;8;2;855;201
Unown;259;8;3;856;201
Unown;260;8;4;857;201
Unown;261;8;5;858;201
Unown;262;8;6;859;201
Unown;263;8;7;860;201
Unown;264;8;8;861;201
Unown;265;8;9;862;201
Unown;266;8;10;863;201
Unown;267;8;11;864;201
Unown;268;8;12;865;201
Unown;269;8;13;866;201
Unown;270;8;14;867;201
Unown;271;8;15;868;201
Unown;272;8;16;869;201
Unown;273;8;17;870;201
Unown;274;8;18;871;201
Wobbuffet;275;8;19;202;202
Girafarig;276;8;20;203;203
Pineco;277;8;21;204;204
Forretress;278;8;22;205;205
Dunsparce;279;8;23;206;206
Gligar;280;8;24;207;207
Steelix;281;8;25;208;208
Steelix (Mega Steelix);282;8;26;872;208
Snubbull;283;8;27;209;209
Granbull;284;8;28;210;210
Qwilfish;285;8;29;211;211
Scizor;286;8;30;212;212
Scizor (Mega Scizor);287;8;31;873;212
Shuckle;288;9;0;213;213
Heracross;289;9;1;214;214
Heracross (Mega Heracross);290;9;2;874;214
Sneasel;291;9;3;215;215
Teddiursa;292;9;4;216;216
Ursaring;293;9;5;217;217
Slugma;294;9;6;218;218
Magcargo;295;9;7;219;219
Swinub;296;9;8;220;220
Piloswine;297;9;9;221;221
Corsola;298;9;10;222;222
Remoraid;299;9;11;223;223
Octillery;300;9;12;224;224
Delibird;301;9;13;225;225
Mantine;302;9;14;226;226
Skarmory;303;9;15;227;227
Houndour;304;9;16;228;228
Houndoom;305;9;17;229;229
Houndoom (Mega Houndoom);306;9;18;875;229
Kingdra;307;9;19;230;230
Phanpy;308;9;20;231;231
Donphan;309;9;21;232;232
Porygon2;310;9;22;233;233
Stantler;311;9;23;234;234
Smeargle;312;9;24;235;235
Tyrogue;313;9;25;236;236
Hitmontop;314;9;26;237;237
Smoochum;315;9;27;238;238
Elekid;316;9;28;239;239
Magby;317;9;29;240;240
Miltank;318;9;30;241;241
Blissey;319;9;31;242;242
Raikou;320;10;0;243;243
Entei;321;10;1;244;244
Suicune;322;10;2;245;245
Larvitar;323;10;3;246;246
Pupitar;324;10;4;247;247
Tyranitar;325;10;5;248;248
Tyranitar (Mega Tyranitar);326;10;6;876;248
Lugia;327;10;7;249;249
Ho-Oh;328;10;8;250;250
Celebi;329;10;9;251;251
Treecko;330;10;10;252;252
Grovyle;331;10;11;253;253
Sceptile;332;10;12;254;254
Sceptile (Mega Sceptile);333;10;13;877;254
Torchic;334;10;14;255;255
Combusken;335;10;15;256;256
Blaziken;336;10;16;257;257
Blaziken (Mega Blaziken);337;10;17;878;257
Mudkip;338;10;18;258;258
Marshtomp;339;10;19;259;259
Swampert;340;10;20;260;260
Swampert (Mega Swampert);341;10;21;879;260
Poochyena;342;10;22;261;261
Mightyena;343;10;23;262;262
Zigzagoon;344;10;24;263;263
Linoone;345;10;25;264;264
Wurmple;346;10;26;265;265
Silcoon;347;10;27;266;266
Beautifly;348;10;28;267;267
Cascoon;349;10;29;268;268
Dustox;350;10;30;269;269
Lotad;351;10;31;270;270
Lombre;352;11;0;271;271
Ludicolo;353;11;1;272;272
Seedot;354;11;2;273;273
Nuzleaf;355;11;3;274;274
Shiftry;356;11;4;275;275
Taillow;357;11;5;276;276
Swellow;358;11;6;277;277
Wingull;359;11;7;278;278
Pelipper;360;11;8;279;279
Ralts;361;11;9;280;280
Kirlia;362;11;10;281;281
Gardevoir;363;11;11;282;282
Gardevoir (Mega Gardevoir);364;11;12;880;282
Surskit;365;11;13;283;283
Masquerain;366;11;14;284;284
Shroomish;367;11;15;285;285
Breloom;368;11;16;286;286
Slakoth;369;11;17;287;287
Vigoroth;370;11;18;288;288
Slaking;371;11;19;289;289
Nincada;372;11;20;290;290
Ninjask;373;11;21;291;291
Shedinja;374;11;22;292;292
Whismur;375;11;23;293;293
Loudred;376;11;24;294;294
Exploud;377;11;25;295;295
Makuhita;378;11;26;296;296
Hariyama;379;11;27;297;297
Azurill;380;11;28;298;298
Nosepass;381;11;29;299;299
Skitty;382;11;30;300;300
Delcatty;383;11;31;301;301
Sableye;384;12;0;302;302
Sableye (Mega Sableye);385;12;1;881;302
Mawile;386;12;2;303;303
Mawile (Mega Mawile);387;12;3;882;303
Aron;388;12;4;304;304
Lairon;389;12;5;305;305
Aggron;390;12;6;306;306
Aggron (Mega Aggron);391;12;7;883;306
Meditite;392;12;8;307;307
Medicham;393;12;9;308;308
Medicham (Mega Medicham);394;12;10;884;308
Electrike;395;12;11;309;309
Manectric;396;12;12;310;310
Manectric (Mega Manectric);397;12;13;885;310
Plusle;398;12;14;311;311
Minun;399;12;15;312;312
Volbeat;400;12;16;313;313
Illumise;401;12;17;314;314
Roselia;402;12;18;315;315
Gulpin;403;12;19;316;316
Swalot;404;12;20;317;317
Carvanha;405;12;21;318;318
Sharpedo;406;12;22;319;319
Sharpedo (Mega Sharpedo);407;12;23;886;319
Wailmer;408;12;24;320;320
Wailord;409;12;25;321;321
Numel;410;12;26;322;322
Camerupt;411;12;27;323;323
Camerupt (Mega Camerupt);412;12;28;887;323
Torkoal;413;12;29;324;324
Spoink;414;12;30;325;325
Grumpig;415;12;31;326;326
Spinda;416;13;0;327;327
Trapinch;417;13;1;328;328
Vibrava;418;13;2;329;329
Flygon;419;13;3;330;330
Cacnea;420;13;4;331;331
Cacturne;421;13;5;332;332
Swablu;422;13;6;333;333
Altaria;423;13;7;334;334
Altaria (Mega Altaria);424;13;8;888;334
Zangoose;425;13;9;335;335
Seviper;426;13;10;336;336
Lunatone;427;13;11;337;337
Solrock;428;13;12;338;338
Barboach;429;13;13;339;339
Whiscash;430;13;14;340;340
Corphish;431;13;15;341;341
Crawdaunt;432;13;16;342;342
Baltoy;433;13;17;343;343
Claydol;434;13;18;344;344
Lileep;435;13;19;345;345
Cradily;436;13;20;346;346
Anorith;437;13;21;347;347
Armaldo;438;13;22;348;348
Feebas;439;13;23;349;349
Milotic;440;13;24;350;350
Castform;441;13;25;351;351
Castform (Sunny Form);442;13;26;889;351
Castform (Rainy Form);443;13;27;890;351
Castform (Snowy Form);444;13;28;891;351
Kecleon;445;13;29;352;352
Shuppet;446;13;30;353;353
Banette;447;13;31;354;354
Banette (Mega Banette);448;14;0;892;354
Duskull;449;14;1;355;355
Dusclops;450;14;2;356;356
Tropius;451;14;3;357;357
Chimecho;452;14;4;358;358
Absol;453;14;5;359;359
Absol (Mega Absol);454;14;6;893;359
Wynaut;455;14;7;360;360
Snorunt;456;14;8;361;361
Glalie;457;14;9;362;362
Glalie (Mega Glalie);458;14;10;894;362
Spheal;459;14;11;363;363
Sealeo;460;14;12;364;364
Walrein;461;14;13;365;365
Clamperl;462;14;14;366;366
Huntail;463;14;15;367;367
Gorebyss;464;14;16;368;368
Relicanth;465;14;17;369;369
Luvdisc;466;14;18;370;370
Bagon;467;14;19;371;371
Shelgon;468;14;20;372;372
Salamence;469;14;21;373;373
Salamence (Mega Salamence);470;14;22;895;373
Beldum;471;14;23;374;374
Metang;472;14;24;375;375
Metagross;473;14;25;376;376
Metagross (Mega Metagross);474;14;26;896;376
Regirock;475;14;27;377;377
Regice;476;14;28;378;378
Registeel;477;14;29;379;379
Latias;478;14;30;380;380
Latias (Mega Latias);479;14;31;897;380
Latios;480;15;0;381;381
Latios (Mega Latios);481;15;1;898;381
Kyogre;482;15;2;382;382
Groudon (Primal Reversion);483;15;3;900;382
Groudon;484;15;4;383;383
Kyogre (Primal Reversion);485;15;5;899;383
Rayquaza;486;15;6;384;384
Rayquaza (Mega Rayquaza);487;15;7;901;384
Jirachi;488;15;8;385;385
Deoxys (Normal Forme);489;15;9;386;386
Deoxys (Attack Forme);490;15;10;902;386
Deoxys (Defense Forme);491;15;11;903;386
Deoxys (Speed Forme);492;15;12;904;386
Turtwig;493;15;13;387;387
Grotle;494;15;14;388;388
Torterra;495;15;15;389;389
Chimchar;496;15;16;390;390
Monferno;497;15;17;391;391
Infernape;498;15;18;392;392
Piplup;499;15;19;393;393
Prinplup;500;15;20;394;394
Empoleon;501;15;21;395;395
Starly;502;15;22;396;396
Staravia;503;15;23;397;397
Staraptor;504;15;24;398;398
Bidoof;505;15;25;399;399
Bibarel;506;15;26;400;400
Kricketot;507;15;27;401;401
Kricketune;508;15;28;402;402
Shinx;509;15;29;403;403
Luxio;510;15;30;404;404
Luxray;511;15;31;405;405
Budew;512;16;0;406;406
Roserade;513;16;1;407;407
Cranidos;514;16;2;408;408
Rampardos;515;16;3;409;409
Shieldon;516;16;4;410;410
Bastiodon;517;16;5;411;411
Burmy;518;16;6;412;412
Burmy;519;16;7;905;412
Burmy;520;16;8;906;412
Wormadam (Plant Cloak);521;16;9;413;413
Wormadam (Sandy Cloak);522;16;10;907;413
Wormadam (Trash Cloak);523;16;11;908;413
Mothim;524;16;12;414;414
Combee;525;16;13;415;415
Vespiquen;526;16;14;416;416
Pachirisu;527;16;15;417;417
Buizel;528;16;16;418;418
Floatzel;529;16;17;419;419
Cherubi;530;16;18;420;420
Cherrim;531;16;19;421;421
Cherrim;532;16;20;909;421
Shellos;533;16;21;422;422
Shellos;534;16;22;910;422
Gastrodon;535;16;23;423;423
Gastrodon;536;16;24;911;423
Ambipom;537;16;25;424;424
Drifloon;538;16;26;425;425
Drifblim;539;16;27;426;426
Buneary;540;16;28;427;427
Lopunny;541;16;29;428;428
Lopunny (Mega Lopunny);542;16;30;912;428
Mismagius;543;16;31;429;429
Honchkrow;544;17;0;430;430
Glameow;545;17;1;431;431
Purugly;546;17;2;432;432
Chingling;547;17;3;433;433
Stunky;548;17;4;434;434
Skuntank;549;17;5;435;435
Bronzor;550;17;6;436;436
Bronzong;551;17;7;437;437
Bonsly;552;17;8;438;438
Mime Jr.;553;17;9;439;439
Happiny;554;17;10;440;440
Chatot;555;17;11;441;441
Spiritomb;556;17;12;442;442
Gible;557;17;13;443;443
Gabite;558;17;14;444;444
Garchomp;559;17;15;445;445
Garchomp (Mega Garchomp);560;17;16;913;445
Munchlax;561;17;17;446;446
Riolu;562;17;18;447;447
Lucario;563;17;19;448;448
Lucario (Mega Lucario);564;17;20;914;448
Hippopotas;565;17;21;449;449
Hippopotas (Female);566;17;22;2070;449
Hippowdon;567;17;23;450;450
Hippowdon (Female);568;17;24;2071;450
Skorupi;569;17;25;451;451
Drapion;570;17;26;452;452
Croagunk;571;17;27;453;453
Toxicroak;572;17;28;454;454
Carnivine;573;17;29;455;455
Finneon;574;17;30;456;456
Lumineon;575;17;31;457;457
Mantyke;576;18;0;458;458
Snover;577;18;1;459;459
Abomasnow;578;18;2;460;460
Abomasnow (Mega Abomasnow);579;18;3;915;460
Weavile;580;18;4;461;461
Magnezone;581;18;5;462;462
Lickilicky;582;18;6;463;463
Rhyperior;583;18;7;464;464
Tangrowth;584;18;8;465;465
Electivire;585;18;9;466;466
Magmortar;586;18;10;467;467
Togekiss;587;18;11;468;468
Yanmega;588;18;12;469;469
Leafeon;589;18;13;470;470
Glaceon;590;18;14;471;471
Gliscor;591;18;15;472;472
Mamoswine;592;18;16;473;473
Porygon-Z;593;18;17;474;474
Gallade;594;18;18;475;475
Gallade (Mega Gallade);595;18;19;916;475
Probopass;596;18;20;476;476
Dusknoir;597;18;21;477;477
Froslass;598;18;22;478;478
Rotom;599;18;23;479;479
Rotom (Fan Rotom);600;18;24;917;479
Rotom (Frost Rotom);601;18;25;918;479
Rotom (Heat Rotom);602;18;26;919;479
Rotom (Mow Rotom);603;18;27;920;479
Rotom (Wash Rotom);604;18;28;921;479
Uxie;605;18;29;480;480
Mesprit;606;18;30;481;481
Azelf;607;18;31;482;482
Dialga;608;19;0;483;483
Palkia;609;19;1;484;484
Heatran;610;19;2;485;485
Regigigas;611;19;3;486;486
Giratina (Altered Forme);612;19;4;487;487
Giratina (Origin Forme);613;19;5;922;487
Cresselia;614;19;6;488;488
Phione;615;19;7;489;489
Manaphy;616;19;8;490;490
Darkrai;617;19;9;491;491
Shaymin (Land Forme);618;19;10;492;492
Shaymin (Sky Forme);619;19;11;923;492
Arceus;620;19;12;493;493
Arceus (Fighting);621;19;13;924;493
Arceus (Flying);622;19;14;925;493
Arceus (Poison);623;19;15;926;493
Arceus (Ground);624;19;16;927;493
Arceus (Rock);625;19;17;928;493
Arceus (Bug);626;19;18;929;493
Arceus (Ghost);627;19;19;930;493
Arceus (Steel);628;19;20;931;493
Arceus (Fire);629;19;21;932;493
Arceus (Water);630;19;22;933;493
Arceus (Grass);631;19;23;934;493
Arceus (Electric);632;19;24;935;493
Arceus (Psychic);633;19;25;936;493
Arceus (Ice);634;19;26;937;493
Arceus (Dragon);635;19;27;938;493
Arceus (Dark);636;19;28;939;493
Arceus (Fairy);637;19;29;940;493
Victini;638;19;30;494;494
Snivy;639;19;31;495;495
Servine;640;20;0;496;496
Serperior;641;20;1;497;497
Tepig;642;20;2;498;498
Pignite;643;20;3;499;499
Emboar;644;20;4;500;500
Oshawott;645;20;5;501;501
Dewott;646;20;6;502;502
Samurott;647;20;7;503;503
Patrat;648;20;8;504;504
Watchog;649;20;9;505;505
Lillipup;650;20;10;506;506
Herdier;651;20;11;507;507
Stoutland;652;20;12;508;508
Purrloin;653;20;13;509;509
Liepard;654;20;14;510;510
Pansage;655;20;15;511;511
Simisage;656;20;16;512;512
Pansear;657;20;17;513;513
Simisear;658;20;18;514;514
Panpour;659;20;19;515;515
Simipour;660;20;20;516;516
Munna;661;20;21;517;517
Musharna;662;20;22;518;518
Pidove;663;20;23;519;519
Tranquill;664;20;24;520;520
Unfezant;665;20;25;521;521
Unfezant (Female);666;20;26;2071;521
Blitzle;667;20;27;522;522
Zebstrika;668;20;28;523;523
Roggenrola;669;20;29;524;524
Boldore;670;20;30;525;525
Gigalith;671;20;31;526;526
Woobat;672;21;0;527;527
Swoobat;673;21;1;528;528
Drilbur;674;21;2;529;529
Excadrill;675;21;3;530;530
Audino;676;21;4;531;531
Audino (Mega Audino);677;21;5;941;531
Timburr;678;21;6;532;532
Gurdurr;679;21;7;533;533
Conkeldurr;680;21;8;534;534
Tympole;681;21;9;535;535
Palpitoad;682;21;10;536;536
Seismitoad;683;21;11;537;537
Throh;684;21;12;538;538
Sawk;685;21;13;539;539
Sewaddle;686;21;14;540;540
Swadloon;687;21;15;541;541
Leavanny;688;21;16;542;542
Venipede;689;21;17;543;543
Whirlipede;690;21;18;544;544
Scolipede;691;21;19;545;545
Cottonee;692;21;20;546;546
Whimsicott;693;21;21;547;547
Petilil;694;21;22;548;548
Lilligant;695;21;23;549;549
Basculin (Red-Striped Form);696;21;24;550;550
Basculin (Blue-Striped Form);697;21;25;942;550
Sandile;698;21;26;551;551
Krokorok;699;21;27;552;552
Krookodile;700;21;28;553;553
Darumaka;701;21;29;554;554
Darmanitan;702;21;30;555;555
Darmanitan (Zen Mode);703;21;31;943;555
Maractus;704;22;0;556;556
Dwebble;705;22;1;557;557
Crustle;706;22;2;558;558
Scraggy;707;22;3;559;559
Scrafty;708;22;4;560;560
Sigilyph;709;22;5;561;561
Yamask;710;22;6;562;562
Cofagrigus;711;22;7;563;563
Tirtouga;712;22;8;564;564
Carracosta;713;22;9;565;565
Archen;714;22;10;566;566
Archeops;715;22;11;567;567
Trubbish;716;22;12;568;568
Garbodor;717;22;13;569;569
Zorua;718;22;14;570;570
Zoroark;719;22;15;571;571
Minccino;720;22;16;572;572
Cinccino;721;22;17;573;573
Gothita;722;22;18;574;574
Gothorita;723;22;19;575;575
Gothitelle;724;22;20;576;576
Solosis;725;22;21;577;577
Duosion;726;22;22;578;578
Reuniclus;727;22;23;579;579
Ducklett;728;22;24;580;580
Swanna;729;22;25;581;581
Vanillite;730;22;26;582;582
Vanillish;731;22;27;583;583
Vanilluxe;732;22;28;584;584
Deerling;733;22;29;585;585
Deerling;734;22;30;944;585
Deerling;735;22;31;945;585
Deerling;736;23;0;946;585
Sawsbuck;737;23;1;586;586
Sawsbuck;738;23;2;947;586
Sawsbuck;739;23;3;948;586
Sawsbuck;740;23;4;949;586
Emolga;741;23;5;587;587
Karrablast;742;23;6;588;588
Escavalier;743;23;7;589;589
Foongus;744;23;8;590;590
Amoonguss;745;23;9;591;591
Frillish;746;23;10;592;592
Frillish (Female);747;23;11;2072;592
Jellicent;748;23;12;593;593
Jellicent (Female);749;23;13;2073;593
Alomomola;750;23;14;594;594
Joltik;751;23;15;595;595
Galvantula;752;23;16;596;596
Ferroseed;753;23;17;597;597
Ferrothorn;754;23;18;598;598
Klink;755;23;19;599;599
Klang;756;23;20;600;600
Klinklang;757;23;21;601;601
Tynamo;758;23;22;602;602
Eelektrik;759;23;23;603;603
Eelektross;760;23;24;604;604
Elgyem;761;23;25;605;605
Beheeyem;762;23;26;606;606
Litwick;763;23;27;607;607
Lampent;764;23;28;608;608
Chandelure;765;23;29;609;609
Axew;766;23;30;610;610
Fraxure;767;23;31;611;611
Haxorus;768;24;0;612;612
Cubchoo;769;24;1;613;613
Beartic;770;24;2;614;614
Cryogonal;771;24;3;615;615
Shelmet;772;24;4;616;616
Accelgor;773;24;5;617;617
Stunfisk;774;24;6;618;618
Mienfoo;775;24;7;619;619
Mienshao;776;24;8;620;620
Druddigon;777;24;9;621;621
Golett;778;24;10;622;622
Golurk;779;24;11;623;623
Pawniard;780;24;12;624;624
Bisharp;781;24;13;625;625
Bouffalant;782;24;14;626;626
Rufflet;783;24;15;627;627
Braviary;784;24;16;628;628
Vullaby;785;24;17;629;629
Mandibuzz;786;24;18;630;630
Heatmor;787;24;19;631;631
Durant;788;24;20;632;632
Deino;789;24;21;633;633
Zweilous;790;24;22;634;634
Hydreigon;791;24;23;635;635
Larvesta;792;24;24;636;636
Volcarona;793;24;25;637;637
Cobalion;794;24;26;638;638
Terrakion;795;24;27;639;639
Virizion;796;24;28;640;640
Tornadus;797;24;29;641;641
Tornadus (Therian Forme);798;24;30;950;641
Thundurus;799;24;31;642;642
Thundurus (Therian Forme);800;25;0;951;642
Reshiram;801;25;1;643;643
Zekrom;802;25;2;644;644
Landorus;803;25;3;645;645
Landorus (Therian Forme);804;25;4;952;645
Kyurem (Kyurem);805;25;5;646;646
Kyurem (White Kyurem);806;25;6;953;646
Kyurem (Black Kyurem);807;25;7;954;646
Keldeo;808;25;8;647;647
Keldeo (Resolute Form);809;25;9;955;647
Meloetta (Aria Forme);810;25;10;648;648
Meloetta (Pirouette Forme);811;25;11;956;648
Genesect;812;25;12;649;649
Chespin;813;25;13;650;650
Quilladin;814;25;14;651;651
Chesnaught;815;25;15;652;652
Fennekin;816;25;16;653;653
Braixen;817;25;17;654;654
Delphox;818;25;18;655;655
Froakie;819;25;19;656;656
Frogadier;820;25;20;657;657
Greninja;821;25;21;658;658
Greninja (Ash-Greninja);822;25;22;961;658
Bunnelby;823;25;23;659;659
Diggersby;824;25;24;660;660
Fletchling;825;25;25;661;661
Fletchinder;826;25;26;662;662
Talonflame;827;25;27;663;663
Scatterbug;828;25;28;664;664
Spewpa;829;25;29;665;665
Vivillon;830;25;30;666;666
Vivillon;831;25;31;963;666
Vivillon;832;26;0;964;666
Vivillon;833;26;1;965;666
Vivillon;834;26;2;966;666
Vivillon;835;26;3;967;666
Vivillon;836;26;4;968;666
Vivillon;837;26;5;969;666
Vivillon;838;26;6;970;666
Vivillon;839;26;7;971;666
Vivillon;840;26;8;972;666
Vivillon;841;26;9;973;666
Vivillon;842;26;10;974;666
Vivillon;843;26;11;975;666
Vivillon;844;26;12;976;666
Vivillon;845;26;13;977;666
Vivillon;846;26;14;978;666
Vivillon;847;26;15;979;666
Vivillon;848;26;16;980;666
Vivillon;849;26;17;981;666
Litleo;850;26;18;667;667
Pyroar;851;26;19;668;668
Pyroar (Female);852;26;20;2074;668
Flabébé;853;26;21;669;669
Flabébé;854;26;22;982;669
Flabébé;855;26;23;983;669
Flabébé;856;26;24;984;669
Flabébé;857;26;25;985;669
Floette;858;26;26;670;670
Floette;859;26;27;986;670
Floette (Eternal Flower);860;26;28;987;670
Floette;861;26;29;988;670
Floette;862;26;30;989;670
Floette;863;26;31;990;670
Florges;864;27;0;671;671
Florges;865;27;1;991;671
Florges;866;27;2;992;671
Florges;867;27;3;993;671
Florges;868;27;4;994;671
Skiddo;869;27;5;672;672
Gogoat;870;27;6;673;673
Pancham;871;27;7;674;674
Pangoro;872;27;8;675;675
Furfrou;873;27;9;676;676
Furfrou;874;27;10;995;676
Furfrou;875;27;11;996;676
Furfrou;876;27;12;997;676
Furfrou;877;27;13;998;676
Furfrou;878;27;14;999;676
Furfrou;879;27;15;1000;676
Furfrou;880;27;16;1001;676
Furfrou;881;27;17;1002;676
Furfrou;882;27;18;1003;676
Espurr;883;27;19;677;677
Meowstic (Male);884;27;20;678;678
Meowstic (Female);885;27;21;1004;678
Honedge;886;27;22;679;679
Doublade;887;27;23;680;680
Aegislash (Shield Forme);888;27;24;681;681
Aegislash (Blade Forme);889;27;25;1005;681
Spritzee;890;27;26;682;682
Aromatisse;891;27;27;683;683
Swirlix;892;27;28;684;684
Slurpuff;893;27;29;685;685
Inkay;894;27;30;686;686
Malamar;895;27;31;687;687
Binacle;896;28;0;688;688
Barbaracle;897;28;1;689;689
Skrelp;898;28;2;690;690
Dragalge;899;28;3;691;691
Clauncher;900;28;4;692;692
Clawitzer;901;28;5;693;693
Helioptile;902;28;6;694;694
Heliolisk;903;28;7;695;695
Tyrunt;904;28;8;696;696
Tyrantrum;905;28;9;697;697
Amaura;906;28;10;698;698
Aurorus;907;28;11;699;699
Sylveon;908;28;12;700;700
Hawlucha;909;28;13;701;701
Dedenne;910;28;14;702;702
Carbink;911;28;15;703;703
Goomy;912;28;16;704;704
Sliggoo;913;28;17;705;705
Goodra;914;28;18;706;706
Klefki;915;28;19;707;707
Phantump;916;28;20;708;708
Trevenant;917;28;21;709;709
Pumpkaboo;918;28;22;710;710
Gourgeist;919;28;23;711;711
Bergmite;920;28;24;712;712
Avalugg;921;28;25;713;713
Noibat;922;28;26;714;714
Noivern;923;28;27;715;715
Xerneas;924;28;28;716;716
Xerneas (Active Mode);925;28;29;1012;716
Yveltal;926;28;30;717;717
Zygarde (50% Forme);927;28;31;718;718
Zygarde (10% Forme);928;29;0;1013;718
Zygarde (Complete Forme);929;29;1;1016;718
Diancie;930;29;2;719;719
Diancie (Mega Diancie);931;29;3;1017;719
Hoopa (Hoopa Confined);932;29;4;720;720
Hoopa (Hoopa Unbound);933;29;5;1018;720
Volcanion;934;29;6;721;721
Rowlet;935;29;7;722;722
Dartrix;936;29;8;723;723
Decidueye;937;29;9;724;724
Litten;938;29;10;725;725
Torracat;939;29;11;726;726
Incineroar;940;29;12;727;727
Popplio;941;29;13;728;728
Brionne;942;29;14;729;729
Primarina;943;29;15;730;730
Pikipek;944;29;16;731;731
Trumbeak;945;29;17;732;732
Toucannon;946;29;18;733;733
Yungoos;947;29;19;734;734
Gumshoos;948;29;20;735;735
Grubbin;949;29;21;736;736
Charjabug;950;29;22;737;737
Vikavolt;951;29;23;738;738
Crabrawler;952;29;24;739;739
Crabominable;953;29;25;740;740
Oricorio (Baile Style);954;29;26;741;741
Oricorio (Pa'u Style);955;29;27;1021;741
Oricorio (Pom-Pom Style);956;29;28;1022;741
Oricorio (Sensu Style);957;29;29;1023;741
Cutiefly;958;29;30;742;742
Ribombee;959;29;31;743;743
Rockruff;960;30;0;744;744
Lycanroc (Midday Form);961;30;1;745;745
Lycanroc (Midnight Form);962;30;2;1024;745
Wishiwashi (Solo Form);963;30;3;746;746
Wishiwashi;964;30;4;1025;746
Mareanie;965;30;5;747;747
Toxapex;966;30;6;748;748
Mudbray;967;30;7;749;749
Mudsdale;968;30;8;750;750
Dewpider;969;30;9;751;751
Araquanid;970;30;10;752;752
Fomantis;971;30;11;753;753
Lurantis;972;30;12;754;754
Morelull;973;30;13;755;755
Shiinotic;974;30;14;756;756
Salandit;975;30;15;757;757
Salazzle;976;30;16;758;758
Stufful;977;30;17;759;759
Bewear;978;30;18;760;760
Bounsweet;979;30;19;761;761
Steenee;980;30;20;762;762
Tsareena;981;30;21;763;763
Comfey;982;30;22;764;764
Oranguru;983;30;23;765;765
Passimian;984;30;24;766;766
Wimpod;985;30;25;767;767
Golisopod;986;30;26;768;768
Sandygast;987;30;27;769;769
Palossand;988;30;28;770;770
Pyukumuku;989;30;29;771;771
Type: Null;990;30;30;772;772
Silvally;991;30;31;773;773
Silvally (Type: Fighting);992;31;0;1028;773
Silvally (Type: Flying);993;31;1;1029;773
Silvally (Type: Poison);994;31;2;1030;773
Silvally (Type: Ground);995;31;3;1031;773
Silvally (Type: Rock);996;31;4;1032;773
Silvally (Type: Bug);997;31;5;1033;773
Silvally (Type: Ghost);998;31;6;1034;773
Silvally (Type: Steel);999;31;7;1035;773
Silvally (Type: Fire);1000;31;8;1036;773
Silvally (Type: Water);1001;31;9;1037;773
Silvally (Type: Grass);1002;31;10;1038;773
Silvally (Type: Electric);1003;31;11;1039;773
Silvally (Type: Psychic);1004;31;12;1040;773
Silvally (Type: Ice);1005;31;13;1041;773
Silvally (Type: Dragon);1006;31;14;1042;773
Silvally (Type: Dark);1007;31;15;1043;773
Silvally (Type: Fairy);1008;31;16;1044;773
Minior;1009;31;17;774;774
Minior (Red Core);1010;31;18;1051;774
Minior (Orange Core);1011;31;19;1052;774
Minior (Yellow Core);1012;31;20;1053;774
Minior (Green Core);1013;31;21;1054;774
Minior (Blue Core);1014;31;22;1055;774
Minior (Indigo Core);1015;31;23;1056;774
Minior (Violet Core);1016;31;24;1057;774
Komala;1017;31;25;775;775
Turtonator;1018;31;26;776;776
Togedemaru;1019;31;27;777;777
Mimikyu;1020;31;28;778;778
Bruxish;1021;31;29;779;779
Drampa;1022;31;30;780;780
Dhelmise;1023;31;31;781;781
Jangmo-o;1024;32;0;782;782
Hakamo-o;1025;32;1;783;783
Kommo-o;1026;32;2;784;784
Tapu Koko;1027;32;3;785;785
Tapu Lele;1028;32;4;786;786
Tapu Bulu;1029;32;5;787;787
Tapu Fini;1030;32;6;788;788
Cosmog;1031;32;7;789;789
Cosmoem;1032;32;8;790;790
Solgaleo;1033;32;9;791;791
Lunala;1034;32;10;792;792
Nihilego;1035;32;11;793;793
Buzzwole;1036;32;12;794;794
Pheromosa;1037;32;13;795;795
Xurkitree;1038;32;14;796;796
Celesteela;1039;32;15;797;797
Kartana;1040;32;16;798;798
Guzzlord;1041;32;17;799;799
Necrozma;1042;32;18;800;800
Magearna;1043;32;19;801;801
Magearna (Original Color);1044;32;20;1062;801
Marshadow;1045;32;21;802;802
Egg;1046;32;22;803;803
Unknown;1047;32;23;804;804